{
 "title": "The Title",
 "subtitle": "The subtitle",
 "caption": "The caption",
 "keys": [
  "buy"
 ],
 "data": [
  {
   "key": "hpsi",
   "title": "Home Purchase Sentiment Index<tspan dy='-1em' font-size='0.5em'>\u00ae</tspan>",
   "subtitle": "",
   "yLabel": "",
   "legend": "HPSI",
   "stroke": "#C2A36F",
   "values": [
    {
     "date": "2011-03-01T00:00:00",
     "value": 60.0
    },
    {
     "date": "2011-04-01T00:00:00",
     "value": 62.5
    },
    {
     "date": "2011-05-01T00:00:00",
     "value": 60.3
    },
    {
     "date": "2011-06-01T00:00:00",
     "value": 61.0
    },
    {
     "date": "2011-07-01T00:00:00",
     "value": 60.0
    },
    {
     "date": "2011-08-01T00:00:00",
     "value": 59.3
    },
    {
     "date": "2011-09-01T00:00:00",
     "value": 60.2
    },
    {
     "date": "2011-10-01T00:00:00",
     "value": 61.2
    },
    {
     "date": "2011-11-01T00:00:00",
     "value": 61.7
    },
    {
     "date": "2011-12-01T00:00:00",
     "value": 63.5
    },
    {
     "date": "2012-01-01T00:00:00",
     "value": 66.2
    },
    {
     "date": "2012-02-01T00:00:00",
     "value": 66.3
    },
    {
     "date": "2012-03-01T00:00:00",
     "value": 66.2
    },
    {
     "date": "2012-04-01T00:00:00",
     "value": 68.2
    },
    {
     "date": "2012-05-01T00:00:00",
     "value": 69.3
    },
    {
     "date": "2012-06-01T00:00:00",
     "value": 68.5
    },
    {
     "date": "2012-07-01T00:00:00",
     "value": 69.5
    },
    {
     "date": "2012-08-01T00:00:00",
     "value": 68.0
    },
    {
     "date": "2012-09-01T00:00:00",
     "value": 71.8
    },
    {
     "date": "2012-10-01T00:00:00",
     "value": 72.3
    },
    {
     "date": "2012-11-01T00:00:00",
     "value": 71.7
    },
    {
     "date": "2012-12-01T00:00:00",
     "value": 72.8
    },
    {
     "date": "2013-01-01T00:00:00",
     "value": 73.5
    },
    {
     "date": "2013-02-01T00:00:00",
     "value": 73.7
    },
    {
     "date": "2013-03-01T00:00:00",
     "value": 74.2
    },
    {
     "date": "2013-04-01T00:00:00",
     "value": 77.3
    },
    {
     "date": "2013-05-01T00:00:00",
     "value": 82.2
    },
    {
     "date": "2013-06-01T00:00:00",
     "value": 79.3
    },
    {
     "date": "2013-07-01T00:00:00",
     "value": 77.7
    },
    {
     "date": "2013-08-01T00:00:00",
     "value": 78.3
    },
    {
     "date": "2013-09-01T00:00:00",
     "value": 78.3
    },
    {
     "date": "2013-10-01T00:00:00",
     "value": 72.5
    },
    {
     "date": "2013-11-01T00:00:00",
     "value": 72.8
    },
    {
     "date": "2013-12-01T00:00:00",
     "value": 72.7
    },
    {
     "date": "2014-01-01T00:00:00",
     "value": 76.5
    },
    {
     "date": "2014-02-01T00:00:00",
     "value": 75.0
    },
    {
     "date": "2014-03-01T00:00:00",
     "value": 77.7
    },
    {
     "date": "2014-04-01T00:00:00",
     "value": 82.7
    },
    {
     "date": "2014-05-01T00:00:00",
     "value": 81.5
    },
    {
     "date": "2014-06-01T00:00:00",
     "value": 79.8
    },
    {
     "date": "2014-07-01T00:00:00",
     "value": 79.0
    },
    {
     "date": "2014-08-01T00:00:00",
     "value": 75.5
    },
    {
     "date": "2014-09-01T00:00:00",
     "value": 80.2
    },
    {
     "date": "2014-10-01T00:00:00",
     "value": 82.5
    },
    {
     "date": "2014-11-01T00:00:00",
     "value": 81.0
    },
    {
     "date": "2014-12-01T00:00:00",
     "value": 81.3
    },
    {
     "date": "2015-01-01T00:00:00",
     "value": 82.8
    },
    {
     "date": "2015-02-01T00:00:00",
     "value": 81.5
    },
    {
     "date": "2015-03-01T00:00:00",
     "value": 81.7
    },
    {
     "date": "2015-04-01T00:00:00",
     "value": 82.3
    },
    {
     "date": "2015-05-01T00:00:00",
     "value": 84.3
    },
    {
     "date": "2015-06-01T00:00:00",
     "value": 84.7
    },
    {
     "date": "2015-07-01T00:00:00",
     "value": 81.3
    },
    {
     "date": "2015-08-01T00:00:00",
     "value": 80.8
    },
    {
     "date": "2015-09-01T00:00:00",
     "value": 83.8
    },
    {
     "date": "2015-10-01T00:00:00",
     "value": 83.2
    },
    {
     "date": "2015-11-01T00:00:00",
     "value": 80.8
    },
    {
     "date": "2015-12-01T00:00:00",
     "value": 83.2
    },
    {
     "date": "2016-01-01T00:00:00",
     "value": 81.5
    },
    {
     "date": "2016-02-01T00:00:00",
     "value": 82.7
    },
    {
     "date": "2016-03-01T00:00:00",
     "value": 80.2
    },
    {
     "date": "2016-04-01T00:00:00",
     "value": 83.7
    },
    {
     "date": "2016-05-01T00:00:00",
     "value": 85.3
    },
    {
     "date": "2016-06-01T00:00:00",
     "value": 83.2
    },
    {
     "date": "2016-07-01T00:00:00",
     "value": 86.5
    },
    {
     "date": "2016-08-01T00:00:00",
     "value": 85.0
    },
    {
     "date": "2016-09-01T00:00:00",
     "value": 82.8
    },
    {
     "date": "2016-10-01T00:00:00",
     "value": 81.7
    },
    {
     "date": "2016-11-01T00:00:00",
     "value": 81.2
    },
    {
     "date": "2016-12-01T00:00:00",
     "value": 80.7
    },
    {
     "date": "2017-01-01T00:00:00",
     "value": 82.7
    },
    {
     "date": "2017-02-01T00:00:00",
     "value": 88.3
    },
    {
     "date": "2017-03-01T00:00:00",
     "value": 84.5
    },
    {
     "date": "2017-04-01T00:00:00",
     "value": 86.7
    },
    {
     "date": "2017-05-01T00:00:00",
     "value": 86.2
    },
    {
     "date": "2017-06-01T00:00:00",
     "value": 88.3
    },
    {
     "date": "2017-07-01T00:00:00",
     "value": 86.8
    },
    {
     "date": "2017-08-01T00:00:00",
     "value": 88.0
    },
    {
     "date": "2017-09-01T00:00:00",
     "value": 88.3
    },
    {
     "date": "2017-10-01T00:00:00",
     "value": 85.2
    },
    {
     "date": "2017-11-01T00:00:00",
     "value": 87.8
    },
    {
     "date": "2017-12-01T00:00:00",
     "value": 85.8
    },
    {
     "date": "2018-01-01T00:00:00",
     "value": 89.5
    },
    {
     "date": "2018-02-01T00:00:00",
     "value": 85.8
    },
    {
     "date": "2018-03-01T00:00:00",
     "value": 88.3
    },
    {
     "date": "2018-04-01T00:00:00",
     "value": 91.7
    },
    {
     "date": "2018-05-01T00:00:00",
     "value": 92.3
    }
   ]
  },
  {
   "key": "buy",
   "title": "Good/Bad Time to Buy a Home",
   "subtitle": "Good Time to Buy",
   "caption": "Respondents who say it is a good or bad time to buy",
   "yLabel": "",
   "legend": "Buy",
   "stroke": "#99660F",
   "values": [
    {
     "date": "2011-03-01T00:00:00",
     "value": 0.38
    },
    {
     "date": "2011-04-01T00:00:00",
     "value": 0.47
    },
    {
     "date": "2011-05-01T00:00:00",
     "value": 0.36
    },
    {
     "date": "2011-06-01T00:00:00",
     "value": 0.38
    },
    {
     "date": "2011-07-01T00:00:00",
     "value": 0.37
    },
    {
     "date": "2011-08-01T00:00:00",
     "value": 0.39
    },
    {
     "date": "2011-09-01T00:00:00",
     "value": 0.4
    },
    {
     "date": "2011-10-01T00:00:00",
     "value": 0.41
    },
    {
     "date": "2011-11-01T00:00:00",
     "value": 0.39
    },
    {
     "date": "2011-12-01T00:00:00",
     "value": 0.41
    },
    {
     "date": "2012-01-01T00:00:00",
     "value": 0.43
    },
    {
     "date": "2012-02-01T00:00:00",
     "value": 0.44
    },
    {
     "date": "2012-03-01T00:00:00",
     "value": 0.47
    },
    {
     "date": "2012-04-01T00:00:00",
     "value": 0.47
    },
    {
     "date": "2012-05-01T00:00:00",
     "value": 0.47
    },
    {
     "date": "2012-06-01T00:00:00",
     "value": 0.5
    },
    {
     "date": "2012-07-01T00:00:00",
     "value": 0.48
    },
    {
     "date": "2012-08-01T00:00:00",
     "value": 0.45
    },
    {
     "date": "2012-09-01T00:00:00",
     "value": 0.46
    },
    {
     "date": "2012-10-01T00:00:00",
     "value": 0.53
    },
    {
     "date": "2012-11-01T00:00:00",
     "value": 0.46
    },
    {
     "date": "2012-12-01T00:00:00",
     "value": 0.46
    },
    {
     "date": "2013-01-01T00:00:00",
     "value": 0.43
    },
    {
     "date": "2013-02-01T00:00:00",
     "value": 0.49
    },
    {
     "date": "2013-03-01T00:00:00",
     "value": 0.47
    },
    {
     "date": "2013-04-01T00:00:00",
     "value": 0.48
    },
    {
     "date": "2013-05-01T00:00:00",
     "value": 0.57
    },
    {
     "date": "2013-06-01T00:00:00",
     "value": 0.48
    },
    {
     "date": "2013-07-01T00:00:00",
     "value": 0.53
    },
    {
     "date": "2013-08-01T00:00:00",
     "value": 0.48
    },
    {
     "date": "2013-09-01T00:00:00",
     "value": 0.48
    },
    {
     "date": "2013-10-01T00:00:00",
     "value": 0.34
    },
    {
     "date": "2013-11-01T00:00:00",
     "value": 0.34
    },
    {
     "date": "2013-12-01T00:00:00",
     "value": 0.4
    },
    {
     "date": "2014-01-01T00:00:00",
     "value": 0.37
    },
    {
     "date": "2014-02-01T00:00:00",
     "value": 0.41
    },
    {
     "date": "2014-03-01T00:00:00",
     "value": 0.43
    },
    {
     "date": "2014-04-01T00:00:00",
     "value": 0.43
    },
    {
     "date": "2014-05-01T00:00:00",
     "value": 0.42
    },
    {
     "date": "2014-06-01T00:00:00",
     "value": 0.45
    },
    {
     "date": "2014-07-01T00:00:00",
     "value": 0.4
    },
    {
     "date": "2014-08-01T00:00:00",
     "value": 0.35
    },
    {
     "date": "2014-09-01T00:00:00",
     "value": 0.43
    },
    {
     "date": "2014-10-01T00:00:00",
     "value": 0.38
    },
    {
     "date": "2014-11-01T00:00:00",
     "value": 0.44
    },
    {
     "date": "2014-12-01T00:00:00",
     "value": 0.36
    },
    {
     "date": "2015-01-01T00:00:00",
     "value": 0.42
    },
    {
     "date": "2015-02-01T00:00:00",
     "value": 0.4
    },
    {
     "date": "2015-03-01T00:00:00",
     "value": 0.4
    },
    {
     "date": "2015-04-01T00:00:00",
     "value": 0.35
    },
    {
     "date": "2015-05-01T00:00:00",
     "value": 0.38
    },
    {
     "date": "2015-06-01T00:00:00",
     "value": 0.35
    },
    {
     "date": "2015-07-01T00:00:00",
     "value": 0.34
    },
    {
     "date": "2015-08-01T00:00:00",
     "value": 0.33
    },
    {
     "date": "2015-09-01T00:00:00",
     "value": 0.36
    },
    {
     "date": "2015-10-01T00:00:00",
     "value": 0.34
    },
    {
     "date": "2015-11-01T00:00:00",
     "value": 0.35
    },
    {
     "date": "2015-12-01T00:00:00",
     "value": 0.35
    },
    {
     "date": "2016-01-01T00:00:00",
     "value": 0.31
    },
    {
     "date": "2016-02-01T00:00:00",
     "value": 0.35
    },
    {
     "date": "2016-03-01T00:00:00",
     "value": 0.33
    },
    {
     "date": "2016-04-01T00:00:00",
     "value": 0.3
    },
    {
     "date": "2016-05-01T00:00:00",
     "value": 0.29
    },
    {
     "date": "2016-06-01T00:00:00",
     "value": 0.32
    },
    {
     "date": "2016-07-01T00:00:00",
     "value": 0.33
    },
    {
     "date": "2016-08-01T00:00:00",
     "value": 0.34
    },
    {
     "date": "2016-09-01T00:00:00",
     "value": 0.29
    },
    {
     "date": "2016-10-01T00:00:00",
     "value": 0.31
    },
    {
     "date": "2016-11-01T00:00:00",
     "value": 0.3
    },
    {
     "date": "2016-12-01T00:00:00",
     "value": 0.32
    },
    {
     "date": "2017-01-01T00:00:00",
     "value": 0.29
    },
    {
     "date": "2017-02-01T00:00:00",
     "value": 0.4
    },
    {
     "date": "2017-03-01T00:00:00",
     "value": 0.3
    },
    {
     "date": "2017-04-01T00:00:00",
     "value": 0.35
    },
    {
     "date": "2017-05-01T00:00:00",
     "value": 0.27
    },
    {
     "date": "2017-06-01T00:00:00",
     "value": 0.3
    },
    {
     "date": "2017-07-01T00:00:00",
     "value": 0.23
    },
    {
     "date": "2017-08-01T00:00:00",
     "value": 0.18
    },
    {
     "date": "2017-09-01T00:00:00",
     "value": 0.28
    },
    {
     "date": "2017-10-01T00:00:00",
     "value": 0.22
    },
    {
     "date": "2017-11-01T00:00:00",
     "value": 0.29
    },
    {
     "date": "2017-12-01T00:00:00",
     "value": 0.24
    },
    {
     "date": "2018-01-01T00:00:00",
     "value": 0.27
    },
    {
     "date": "2018-02-01T00:00:00",
     "value": 0.22
    },
    {
     "date": "2018-03-01T00:00:00",
     "value": 0.32
    },
    {
     "date": "2018-04-01T00:00:00",
     "value": 0.29
    },
    {
     "date": "2018-05-01T00:00:00",
     "value": 0.28
    }
   ]
  },
  {
   "key": "sell",
   "title": "Good/Bad Time to Sell a Home",
   "subtitle": "Good Time to Sell",
   "caption": "Respondents who say it is a good or bad time to sell",
   "yLabel": "",
   "legend": "Sell",
   "stroke": "#C55147",
   "values": [
    {
     "date": "2011-03-01T00:00:00",
     "value": -0.72
    },
    {
     "date": "2011-04-01T00:00:00",
     "value": -0.76
    },
    {
     "date": "2011-05-01T00:00:00",
     "value": -0.74
    },
    {
     "date": "2011-06-01T00:00:00",
     "value": -0.76
    },
    {
     "date": "2011-07-01T00:00:00",
     "value": -0.74
    },
    {
     "date": "2011-08-01T00:00:00",
     "value": -0.78
    },
    {
     "date": "2011-09-01T00:00:00",
     "value": -0.8
    },
    {
     "date": "2011-10-01T00:00:00",
     "value": -0.77
    },
    {
     "date": "2011-11-01T00:00:00",
     "value": -0.75
    },
    {
     "date": "2011-12-01T00:00:00",
     "value": -0.76
    },
    {
     "date": "2012-01-01T00:00:00",
     "value": -0.74
    },
    {
     "date": "2012-02-01T00:00:00",
     "value": -0.71
    },
    {
     "date": "2012-03-01T00:00:00",
     "value": -0.7
    },
    {
     "date": "2012-04-01T00:00:00",
     "value": -0.67
    },
    {
     "date": "2012-05-01T00:00:00",
     "value": -0.66
    },
    {
     "date": "2012-06-01T00:00:00",
     "value": -0.65
    },
    {
     "date": "2012-07-01T00:00:00",
     "value": -0.63
    },
    {
     "date": "2012-08-01T00:00:00",
     "value": -0.6
    },
    {
     "date": "2012-09-01T00:00:00",
     "value": -0.55
    },
    {
     "date": "2012-10-01T00:00:00",
     "value": -0.6
    },
    {
     "date": "2012-11-01T00:00:00",
     "value": -0.48
    },
    {
     "date": "2012-12-01T00:00:00",
     "value": -0.53
    },
    {
     "date": "2013-01-01T00:00:00",
     "value": -0.49
    },
    {
     "date": "2013-02-01T00:00:00",
     "value": -0.47
    },
    {
     "date": "2013-03-01T00:00:00",
     "value": -0.43
    },
    {
     "date": "2013-04-01T00:00:00",
     "value": -0.34
    },
    {
     "date": "2013-05-01T00:00:00",
     "value": -0.17
    },
    {
     "date": "2013-06-01T00:00:00",
     "value": -0.25
    },
    {
     "date": "2013-07-01T00:00:00",
     "value": -0.15
    },
    {
     "date": "2013-08-01T00:00:00",
     "value": -0.23
    },
    {
     "date": "2013-09-01T00:00:00",
     "value": -0.19
    },
    {
     "date": "2013-10-01T00:00:00",
     "value": -0.22
    },
    {
     "date": "2013-11-01T00:00:00",
     "value": -0.21
    },
    {
     "date": "2013-12-01T00:00:00",
     "value": -0.27
    },
    {
     "date": "2014-01-01T00:00:00",
     "value": -0.17
    },
    {
     "date": "2014-02-01T00:00:00",
     "value": -0.25
    },
    {
     "date": "2014-03-01T00:00:00",
     "value": -0.19
    },
    {
     "date": "2014-04-01T00:00:00",
     "value": -0.09
    },
    {
     "date": "2014-05-01T00:00:00",
     "value": -0.06
    },
    {
     "date": "2014-06-01T00:00:00",
     "value": -0.14
    },
    {
     "date": "2014-07-01T00:00:00",
     "value": -0.08
    },
    {
     "date": "2014-08-01T00:00:00",
     "value": -0.16
    },
    {
     "date": "2014-09-01T00:00:00",
     "value": -0.12
    },
    {
     "date": "2014-10-01T00:00:00",
     "value": -0.03
    },
    {
     "date": "2014-11-01T00:00:00",
     "value": -0.12
    },
    {
     "date": "2014-12-01T00:00:00",
     "value": -0.09
    },
    {
     "date": "2015-01-01T00:00:00",
     "value": -0.05
    },
    {
     "date": "2015-02-01T00:00:00",
     "value": -0.11
    },
    {
     "date": "2015-03-01T00:00:00",
     "value": 0.02
    },
    {
     "date": "2015-04-01T00:00:00",
     "value": 0.01
    },
    {
     "date": "2015-05-01T00:00:00",
     "value": 0.08
    },
    {
     "date": "2015-06-01T00:00:00",
     "value": 0.14
    },
    {
     "date": "2015-07-01T00:00:00",
     "value": 0.02
    },
    {
     "date": "2015-08-01T00:00:00",
     "value": 0.03
    },
    {
     "date": "2015-09-01T00:00:00",
     "value": 0.16
    },
    {
     "date": "2015-10-01T00:00:00",
     "value": 0.1
    },
    {
     "date": "2015-11-01T00:00:00",
     "value": 0.04
    },
    {
     "date": "2015-12-01T00:00:00",
     "value": 0.08
    },
    {
     "date": "2016-01-01T00:00:00",
     "value": 0.09
    },
    {
     "date": "2016-02-01T00:00:00",
     "value": 0.07
    },
    {
     "date": "2016-03-01T00:00:00",
     "value": -0.01
    },
    {
     "date": "2016-04-01T00:00:00",
     "value": 0.15
    },
    {
     "date": "2016-05-01T00:00:00",
     "value": 0.13
    },
    {
     "date": "2016-06-01T00:00:00",
     "value": 0.18
    },
    {
     "date": "2016-07-01T00:00:00",
     "value": 0.2
    },
    {
     "date": "2016-08-01T00:00:00",
     "value": 0.15
    },
    {
     "date": "2016-09-01T00:00:00",
     "value": 0.15
    },
    {
     "date": "2016-10-01T00:00:00",
     "value": 0.19
    },
    {
     "date": "2016-11-01T00:00:00",
     "value": 0.13
    },
    {
     "date": "2016-12-01T00:00:00",
     "value": 0.13
    },
    {
     "date": "2017-01-01T00:00:00",
     "value": 0.15
    },
    {
     "date": "2017-02-01T00:00:00",
     "value": 0.22
    },
    {
     "date": "2017-03-01T00:00:00",
     "value": 0.31
    },
    {
     "date": "2017-04-01T00:00:00",
     "value": 0.26
    },
    {
     "date": "2017-05-01T00:00:00",
     "value": 0.32
    },
    {
     "date": "2017-06-01T00:00:00",
     "value": 0.39
    },
    {
     "date": "2017-07-01T00:00:00",
     "value": 0.28
    },
    {
     "date": "2017-08-01T00:00:00",
     "value": 0.36
    },
    {
     "date": "2017-09-01T00:00:00",
     "value": 0.38
    },
    {
     "date": "2017-10-01T00:00:00",
     "value": 0.3
    },
    {
     "date": "2017-11-01T00:00:00",
     "value": 0.34
    },
    {
     "date": "2017-12-01T00:00:00",
     "value": 0.34
    },
    {
     "date": "2018-01-01T00:00:00",
     "value": 0.38
    },
    {
     "date": "2018-02-01T00:00:00",
     "value": 0.36
    },
    {
     "date": "2018-03-01T00:00:00",
     "value": 0.39
    },
    {
     "date": "2018-04-01T00:00:00",
     "value": 0.45
    },
    {
     "date": "2018-05-01T00:00:00",
     "value": 0.46
    }
   ]
  },
  {
   "key": "prices",
   "title": "Home Price Expectations",
   "subtitle": "Home Price Rise",
   "caption": "Respondents who say home prices will go up or down",
   "yLabel": "",
   "legend": "Prices",
   "stroke": "#216C2B",
   "values": [
    {
     "date": "2011-03-01T00:00:00",
     "value": 0.14
    },
    {
     "date": "2011-04-01T00:00:00",
     "value": 0.11
    },
    {
     "date": "2011-05-01T00:00:00",
     "value": 0.08
    },
    {
     "date": "2011-06-01T00:00:00",
     "value": -0.03
    },
    {
     "date": "2011-07-01T00:00:00",
     "value": -0.03
    },
    {
     "date": "2011-08-01T00:00:00",
     "value": -0.06
    },
    {
     "date": "2011-09-01T00:00:00",
     "value": -0.08
    },
    {
     "date": "2011-10-01T00:00:00",
     "value": -0.03
    },
    {
     "date": "2011-11-01T00:00:00",
     "value": 0.01
    },
    {
     "date": "2011-12-01T00:00:00",
     "value": 0.09
    },
    {
     "date": "2012-01-01T00:00:00",
     "value": 0.14
    },
    {
     "date": "2012-02-01T00:00:00",
     "value": 0.12
    },
    {
     "date": "2012-03-01T00:00:00",
     "value": 0.21
    },
    {
     "date": "2012-04-01T00:00:00",
     "value": 0.17
    },
    {
     "date": "2012-05-01T00:00:00",
     "value": 0.23
    },
    {
     "date": "2012-06-01T00:00:00",
     "value": 0.22
    },
    {
     "date": "2012-07-01T00:00:00",
     "value": 0.25
    },
    {
     "date": "2012-08-01T00:00:00",
     "value": 0.21
    },
    {
     "date": "2012-09-01T00:00:00",
     "value": 0.26
    },
    {
     "date": "2012-10-01T00:00:00",
     "value": 0.27
    },
    {
     "date": "2012-11-01T00:00:00",
     "value": 0.23
    },
    {
     "date": "2012-12-01T00:00:00",
     "value": 0.32
    },
    {
     "date": "2013-01-01T00:00:00",
     "value": 0.31
    },
    {
     "date": "2013-02-01T00:00:00",
     "value": 0.38
    },
    {
     "date": "2013-03-01T00:00:00",
     "value": 0.38
    },
    {
     "date": "2013-04-01T00:00:00",
     "value": 0.41
    },
    {
     "date": "2013-05-01T00:00:00",
     "value": 0.48
    },
    {
     "date": "2013-06-01T00:00:00",
     "value": 0.5
    },
    {
     "date": "2013-07-01T00:00:00",
     "value": 0.47
    },
    {
     "date": "2013-08-01T00:00:00",
     "value": 0.48
    },
    {
     "date": "2013-09-01T00:00:00",
     "value": 0.46
    },
    {
     "date": "2013-10-01T00:00:00",
     "value": 0.36
    },
    {
     "date": "2013-11-01T00:00:00",
     "value": 0.36
    },
    {
     "date": "2013-12-01T00:00:00",
     "value": 0.4
    },
    {
     "date": "2014-01-01T00:00:00",
     "value": 0.37
    },
    {
     "date": "2014-02-01T00:00:00",
     "value": 0.43
    },
    {
     "date": "2014-03-01T00:00:00",
     "value": 0.43
    },
    {
     "date": "2014-04-01T00:00:00",
     "value": 0.45
    },
    {
     "date": "2014-05-01T00:00:00",
     "value": 0.41
    },
    {
     "date": "2014-06-01T00:00:00",
     "value": 0.36
    },
    {
     "date": "2014-07-01T00:00:00",
     "value": 0.34
    },
    {
     "date": "2014-08-01T00:00:00",
     "value": 0.33
    },
    {
     "date": "2014-09-01T00:00:00",
     "value": 0.37
    },
    {
     "date": "2014-10-01T00:00:00",
     "value": 0.37
    },
    {
     "date": "2014-11-01T00:00:00",
     "value": 0.38
    },
    {
     "date": "2014-12-01T00:00:00",
     "value": 0.38
    },
    {
     "date": "2015-01-01T00:00:00",
     "value": 0.41
    },
    {
     "date": "2015-02-01T00:00:00",
     "value": 0.4
    },
    {
     "date": "2015-03-01T00:00:00",
     "value": 0.4
    },
    {
     "date": "2015-04-01T00:00:00",
     "value": 0.39
    },
    {
     "date": "2015-05-01T00:00:00",
     "value": 0.43
    },
    {
     "date": "2015-06-01T00:00:00",
     "value": 0.4
    },
    {
     "date": "2015-07-01T00:00:00",
     "value": 0.41
    },
    {
     "date": "2015-08-01T00:00:00",
     "value": 0.38
    },
    {
     "date": "2015-09-01T00:00:00",
     "value": 0.36
    },
    {
     "date": "2015-10-01T00:00:00",
     "value": 0.38
    },
    {
     "date": "2015-11-01T00:00:00",
     "value": 0.38
    },
    {
     "date": "2015-12-01T00:00:00",
     "value": 0.4
    },
    {
     "date": "2016-01-01T00:00:00",
     "value": 0.37
    },
    {
     "date": "2016-02-01T00:00:00",
     "value": 0.33
    },
    {
     "date": "2016-03-01T00:00:00",
     "value": 0.34
    },
    {
     "date": "2016-04-01T00:00:00",
     "value": 0.37
    },
    {
     "date": "2016-05-01T00:00:00",
     "value": 0.42
    },
    {
     "date": "2016-06-01T00:00:00",
     "value": 0.33
    },
    {
     "date": "2016-07-01T00:00:00",
     "value": 0.41
    },
    {
     "date": "2016-08-01T00:00:00",
     "value": 0.35
    },
    {
     "date": "2016-09-01T00:00:00",
     "value": 0.34
    },
    {
     "date": "2016-10-01T00:00:00",
     "value": 0.31
    },
    {
     "date": "2016-11-01T00:00:00",
     "value": 0.35
    },
    {
     "date": "2016-12-01T00:00:00",
     "value": 0.35
    },
    {
     "date": "2017-01-01T00:00:00",
     "value": 0.42
    },
    {
     "date": "2017-02-01T00:00:00",
     "value": 0.45
    },
    {
     "date": "2017-03-01T00:00:00",
     "value": 0.44
    },
    {
     "date": "2017-04-01T00:00:00",
     "value": 0.45
    },
    {
     "date": "2017-05-01T00:00:00",
     "value": 0.4
    },
    {
     "date": "2017-06-01T00:00:00",
     "value": 0.46
    },
    {
     "date": "2017-07-01T00:00:00",
     "value": 0.47
    },
    {
     "date": "2017-08-01T00:00:00",
     "value": 0.48
    },
    {
     "date": "2017-09-01T00:00:00",
     "value": 0.4
    },
    {
     "date": "2017-10-01T00:00:00",
     "value": 0.4
    },
    {
     "date": "2017-11-01T00:00:00",
     "value": 0.46
    },
    {
     "date": "2017-12-01T00:00:00",
     "value": 0.44
    },
    {
     "date": "2018-01-01T00:00:00",
     "value": 0.52
    },
    {
     "date": "2018-02-01T00:00:00",
     "value": 0.45
    },
    {
     "date": "2018-03-01T00:00:00",
     "value": 0.42
    },
    {
     "date": "2018-04-01T00:00:00",
     "value": 0.49
    },
    {
     "date": "2018-05-01T00:00:00",
     "value": 0.49
    }
   ]
  },
  {
   "key": "rates",
   "title": "Mortgage Rate Expectations",
   "subtitle": "Rates Down",
   "caption": "Respondents who say mortgage rates will go up or down",
   "yLabel": "",
   "legend": "Rates",
   "stroke": "#574A71",
   "values": [
    {
     "date": "2011-03-01T00:00:00",
     "value": -0.44
    },
    {
     "date": "2011-04-01T00:00:00",
     "value": -0.44
    },
    {
     "date": "2011-05-01T00:00:00",
     "value": -0.41
    },
    {
     "date": "2011-06-01T00:00:00",
     "value": -0.29
    },
    {
     "date": "2011-07-01T00:00:00",
     "value": -0.36
    },
    {
     "date": "2011-08-01T00:00:00",
     "value": -0.35
    },
    {
     "date": "2011-09-01T00:00:00",
     "value": -0.24
    },
    {
     "date": "2011-10-01T00:00:00",
     "value": -0.28
    },
    {
     "date": "2011-11-01T00:00:00",
     "value": -0.22
    },
    {
     "date": "2011-12-01T00:00:00",
     "value": -0.25
    },
    {
     "date": "2012-01-01T00:00:00",
     "value": -0.27
    },
    {
     "date": "2012-02-01T00:00:00",
     "value": -0.24
    },
    {
     "date": "2012-03-01T00:00:00",
     "value": -0.33
    },
    {
     "date": "2012-04-01T00:00:00",
     "value": -0.3
    },
    {
     "date": "2012-05-01T00:00:00",
     "value": -0.33
    },
    {
     "date": "2012-06-01T00:00:00",
     "value": -0.3
    },
    {
     "date": "2012-07-01T00:00:00",
     "value": -0.29
    },
    {
     "date": "2012-08-01T00:00:00",
     "value": -0.33
    },
    {
     "date": "2012-09-01T00:00:00",
     "value": -0.23
    },
    {
     "date": "2012-10-01T00:00:00",
     "value": -0.27
    },
    {
     "date": "2012-11-01T00:00:00",
     "value": -0.34
    },
    {
     "date": "2012-12-01T00:00:00",
     "value": -0.36
    },
    {
     "date": "2013-01-01T00:00:00",
     "value": -0.34
    },
    {
     "date": "2013-02-01T00:00:00",
     "value": -0.38
    },
    {
     "date": "2013-03-01T00:00:00",
     "value": -0.4
    },
    {
     "date": "2013-04-01T00:00:00",
     "value": -0.36
    },
    {
     "date": "2013-05-01T00:00:00",
     "value": -0.41
    },
    {
     "date": "2013-06-01T00:00:00",
     "value": -0.53
    },
    {
     "date": "2013-07-01T00:00:00",
     "value": -0.57
    },
    {
     "date": "2013-08-01T00:00:00",
     "value": -0.55
    },
    {
     "date": "2013-09-01T00:00:00",
     "value": -0.59
    },
    {
     "date": "2013-10-01T00:00:00",
     "value": -0.51
    },
    {
     "date": "2013-11-01T00:00:00",
     "value": -0.56
    },
    {
     "date": "2013-12-01T00:00:00",
     "value": -0.53
    },
    {
     "date": "2014-01-01T00:00:00",
     "value": -0.5
    },
    {
     "date": "2014-02-01T00:00:00",
     "value": -0.52
    },
    {
     "date": "2014-03-01T00:00:00",
     "value": -0.51
    },
    {
     "date": "2014-04-01T00:00:00",
     "value": -0.45
    },
    {
     "date": "2014-05-01T00:00:00",
     "value": -0.44
    },
    {
     "date": "2014-06-01T00:00:00",
     "value": -0.51
    },
    {
     "date": "2014-07-01T00:00:00",
     "value": -0.5
    },
    {
     "date": "2014-08-01T00:00:00",
     "value": -0.45
    },
    {
     "date": "2014-09-01T00:00:00",
     "value": -0.4
    },
    {
     "date": "2014-10-01T00:00:00",
     "value": -0.42
    },
    {
     "date": "2014-11-01T00:00:00",
     "value": -0.41
    },
    {
     "date": "2014-12-01T00:00:00",
     "value": -0.41
    },
    {
     "date": "2015-01-01T00:00:00",
     "value": -0.38
    },
    {
     "date": "2015-02-01T00:00:00",
     "value": -0.42
    },
    {
     "date": "2015-03-01T00:00:00",
     "value": -0.48
    },
    {
     "date": "2015-04-01T00:00:00",
     "value": -0.45
    },
    {
     "date": "2015-05-01T00:00:00",
     "value": -0.43
    },
    {
     "date": "2015-06-01T00:00:00",
     "value": -0.46
    },
    {
     "date": "2015-07-01T00:00:00",
     "value": -0.46
    },
    {
     "date": "2015-08-01T00:00:00",
     "value": -0.49
    },
    {
     "date": "2015-09-01T00:00:00",
     "value": -0.5
    },
    {
     "date": "2015-10-01T00:00:00",
     "value": -0.46
    },
    {
     "date": "2015-11-01T00:00:00",
     "value": -0.48
    },
    {
     "date": "2015-12-01T00:00:00",
     "value": -0.52
    },
    {
     "date": "2016-01-01T00:00:00",
     "value": -0.52
    },
    {
     "date": "2016-02-01T00:00:00",
     "value": -0.5
    },
    {
     "date": "2016-03-01T00:00:00",
     "value": -0.45
    },
    {
     "date": "2016-04-01T00:00:00",
     "value": -0.46
    },
    {
     "date": "2016-05-01T00:00:00",
     "value": -0.43
    },
    {
     "date": "2016-06-01T00:00:00",
     "value": -0.41
    },
    {
     "date": "2016-07-01T00:00:00",
     "value": -0.36
    },
    {
     "date": "2016-08-01T00:00:00",
     "value": -0.38
    },
    {
     "date": "2016-09-01T00:00:00",
     "value": -0.44
    },
    {
     "date": "2016-10-01T00:00:00",
     "value": -0.45
    },
    {
     "date": "2016-11-01T00:00:00",
     "value": -0.51
    },
    {
     "date": "2016-12-01T00:00:00",
     "value": -0.55
    },
    {
     "date": "2017-01-01T00:00:00",
     "value": -0.55
    },
    {
     "date": "2017-02-01T00:00:00",
     "value": -0.55
    },
    {
     "date": "2017-03-01T00:00:00",
     "value": -0.6
    },
    {
     "date": "2017-04-01T00:00:00",
     "value": -0.57
    },
    {
     "date": "2017-05-01T00:00:00",
     "value": -0.52
    },
    {
     "date": "2017-06-01T00:00:00",
     "value": -0.49
    },
    {
     "date": "2017-07-01T00:00:00",
     "value": -0.49
    },
    {
     "date": "2017-08-01T00:00:00",
     "value": -0.45
    },
    {
     "date": "2017-09-01T00:00:00",
     "value": -0.47
    },
    {
     "date": "2017-10-01T00:00:00",
     "value": -0.46
    },
    {
     "date": "2017-11-01T00:00:00",
     "value": -0.51
    },
    {
     "date": "2017-12-01T00:00:00",
     "value": -0.52
    },
    {
     "date": "2018-01-01T00:00:00",
     "value": -0.5
    },
    {
     "date": "2018-02-01T00:00:00",
     "value": -0.57
    },
    {
     "date": "2018-03-01T00:00:00",
     "value": -0.52
    },
    {
     "date": "2018-04-01T00:00:00",
     "value": -0.48
    },
    {
     "date": "2018-05-01T00:00:00",
     "value": -0.49
    }
   ]
  },
  {
   "key": "job",
   "title": "Job Concerns",
   "subtitle": "No Job Concerns",
   "caption": "Respondents who say they are concerned about losing their job",
   "yLabel": "",
   "legend": "Job",
   "stroke": "#007697",
   "values": [
    {
     "date": "2011-03-01T00:00:00",
     "value": 0.44
    },
    {
     "date": "2011-04-01T00:00:00",
     "value": 0.51
    },
    {
     "date": "2011-05-01T00:00:00",
     "value": 0.47
    },
    {
     "date": "2011-06-01T00:00:00",
     "value": 0.51
    },
    {
     "date": "2011-07-01T00:00:00",
     "value": 0.53
    },
    {
     "date": "2011-08-01T00:00:00",
     "value": 0.49
    },
    {
     "date": "2011-09-01T00:00:00",
     "value": 0.5
    },
    {
     "date": "2011-10-01T00:00:00",
     "value": 0.5
    },
    {
     "date": "2011-11-01T00:00:00",
     "value": 0.46
    },
    {
     "date": "2011-12-01T00:00:00",
     "value": 0.49
    },
    {
     "date": "2012-01-01T00:00:00",
     "value": 0.55
    },
    {
     "date": "2012-02-01T00:00:00",
     "value": 0.52
    },
    {
     "date": "2012-03-01T00:00:00",
     "value": 0.45
    },
    {
     "date": "2012-04-01T00:00:00",
     "value": 0.51
    },
    {
     "date": "2012-05-01T00:00:00",
     "value": 0.58
    },
    {
     "date": "2012-06-01T00:00:00",
     "value": 0.5
    },
    {
     "date": "2012-07-01T00:00:00",
     "value": 0.5
    },
    {
     "date": "2012-08-01T00:00:00",
     "value": 0.48
    },
    {
     "date": "2012-09-01T00:00:00",
     "value": 0.56
    },
    {
     "date": "2012-10-01T00:00:00",
     "value": 0.57
    },
    {
     "date": "2012-11-01T00:00:00",
     "value": 0.55
    },
    {
     "date": "2012-12-01T00:00:00",
     "value": 0.6
    },
    {
     "date": "2013-01-01T00:00:00",
     "value": 0.61
    },
    {
     "date": "2013-02-01T00:00:00",
     "value": 0.55
    },
    {
     "date": "2013-03-01T00:00:00",
     "value": 0.59
    },
    {
     "date": "2013-04-01T00:00:00",
     "value": 0.6
    },
    {
     "date": "2013-05-01T00:00:00",
     "value": 0.58
    },
    {
     "date": "2013-06-01T00:00:00",
     "value": 0.64
    },
    {
     "date": "2013-07-01T00:00:00",
     "value": 0.47
    },
    {
     "date": "2013-08-01T00:00:00",
     "value": 0.65
    },
    {
     "date": "2013-09-01T00:00:00",
     "value": 0.63
    },
    {
     "date": "2013-10-01T00:00:00",
     "value": 0.52
    },
    {
     "date": "2013-11-01T00:00:00",
     "value": 0.58
    },
    {
     "date": "2013-12-01T00:00:00",
     "value": 0.46
    },
    {
     "date": "2014-01-01T00:00:00",
     "value": 0.62
    },
    {
     "date": "2014-02-01T00:00:00",
     "value": 0.54
    },
    {
     "date": "2014-03-01T00:00:00",
     "value": 0.62
    },
    {
     "date": "2014-04-01T00:00:00",
     "value": 0.68
    },
    {
     "date": "2014-05-01T00:00:00",
     "value": 0.66
    },
    {
     "date": "2014-06-01T00:00:00",
     "value": 0.69
    },
    {
     "date": "2014-07-01T00:00:00",
     "value": 0.61
    },
    {
     "date": "2014-08-01T00:00:00",
     "value": 0.57
    },
    {
     "date": "2014-09-01T00:00:00",
     "value": 0.61
    },
    {
     "date": "2014-10-01T00:00:00",
     "value": 0.71
    },
    {
     "date": "2014-11-01T00:00:00",
     "value": 0.62
    },
    {
     "date": "2014-12-01T00:00:00",
     "value": 0.72
    },
    {
     "date": "2015-01-01T00:00:00",
     "value": 0.6
    },
    {
     "date": "2015-02-01T00:00:00",
     "value": 0.69
    },
    {
     "date": "2015-03-01T00:00:00",
     "value": 0.68
    },
    {
     "date": "2015-04-01T00:00:00",
     "value": 0.71
    },
    {
     "date": "2015-05-01T00:00:00",
     "value": 0.63
    },
    {
     "date": "2015-06-01T00:00:00",
     "value": 0.69
    },
    {
     "date": "2015-07-01T00:00:00",
     "value": 0.64
    },
    {
     "date": "2015-08-01T00:00:00",
     "value": 0.67
    },
    {
     "date": "2015-09-01T00:00:00",
     "value": 0.69
    },
    {
     "date": "2015-10-01T00:00:00",
     "value": 0.71
    },
    {
     "date": "2015-11-01T00:00:00",
     "value": 0.69
    },
    {
     "date": "2015-12-01T00:00:00",
     "value": 0.72
    },
    {
     "date": "2016-01-01T00:00:00",
     "value": 0.71
    },
    {
     "date": "2016-02-01T00:00:00",
     "value": 0.75
    },
    {
     "date": "2016-03-01T00:00:00",
     "value": 0.68
    },
    {
     "date": "2016-04-01T00:00:00",
     "value": 0.74
    },
    {
     "date": "2016-05-01T00:00:00",
     "value": 0.72
    },
    {
     "date": "2016-06-01T00:00:00",
     "value": 0.68
    },
    {
     "date": "2016-07-01T00:00:00",
     "value": 0.69
    },
    {
     "date": "2016-08-01T00:00:00",
     "value": 0.73
    },
    {
     "date": "2016-09-01T00:00:00",
     "value": 0.7
    },
    {
     "date": "2016-10-01T00:00:00",
     "value": 0.69
    },
    {
     "date": "2016-11-01T00:00:00",
     "value": 0.64
    },
    {
     "date": "2016-12-01T00:00:00",
     "value": 0.68
    },
    {
     "date": "2017-01-01T00:00:00",
     "value": 0.69
    },
    {
     "date": "2017-02-01T00:00:00",
     "value": 0.78
    },
    {
     "date": "2017-03-01T00:00:00",
     "value": 0.7
    },
    {
     "date": "2017-04-01T00:00:00",
     "value": 0.77
    },
    {
     "date": "2017-05-01T00:00:00",
     "value": 0.71
    },
    {
     "date": "2017-06-01T00:00:00",
     "value": 0.66
    },
    {
     "date": "2017-07-01T00:00:00",
     "value": 0.75
    },
    {
     "date": "2017-08-01T00:00:00",
     "value": 0.74
    },
    {
     "date": "2017-09-01T00:00:00",
     "value": 0.75
    },
    {
     "date": "2017-10-01T00:00:00",
     "value": 0.7
    },
    {
     "date": "2017-11-01T00:00:00",
     "value": 0.74
    },
    {
     "date": "2017-12-01T00:00:00",
     "value": 0.68
    },
    {
     "date": "2018-01-01T00:00:00",
     "value": 0.73
    },
    {
     "date": "2018-02-01T00:00:00",
     "value": 0.71
    },
    {
     "date": "2018-03-01T00:00:00",
     "value": 0.71
    },
    {
     "date": "2018-04-01T00:00:00",
     "value": 0.76
    },
    {
     "date": "2018-05-01T00:00:00",
     "value": 0.78
    }
   ]
  },
  {
   "key": "income",
   "title": "Income Changes",
   "subtitle": "Income Higher",
   "caption": "Respondents who say their income is higher/lower than last year",
   "yLabel": "",
   "legend": "Income",
   "stroke": "#C0540F",
   "values": [
    {
     "date": "2011-03-01T00:00:00",
     "value": -0.01
    },
    {
     "date": "2011-04-01T00:00:00",
     "value": 0.05
    },
    {
     "date": "2011-05-01T00:00:00",
     "value": 0.05
    },
    {
     "date": "2011-06-01T00:00:00",
     "value": 0.04
    },
    {
     "date": "2011-07-01T00:00:00",
     "value": 0.02
    },
    {
     "date": "2011-08-01T00:00:00",
     "value": 0.06
    },
    {
     "date": "2011-09-01T00:00:00",
     "value": 0.02
    },
    {
     "date": "2011-10-01T00:00:00",
     "value": 0.03
    },
    {
     "date": "2011-11-01T00:00:00",
     "value": 0.0
    },
    {
     "date": "2011-12-01T00:00:00",
     "value": 0.02
    },
    {
     "date": "2012-01-01T00:00:00",
     "value": 0.05
    },
    {
     "date": "2012-02-01T00:00:00",
     "value": 0.04
    },
    {
     "date": "2012-03-01T00:00:00",
     "value": 0.06
    },
    {
     "date": "2012-04-01T00:00:00",
     "value": 0.1
    },
    {
     "date": "2012-05-01T00:00:00",
     "value": 0.06
    },
    {
     "date": "2012-06-01T00:00:00",
     "value": 0.03
    },
    {
     "date": "2012-07-01T00:00:00",
     "value": 0.05
    },
    {
     "date": "2012-08-01T00:00:00",
     "value": 0.06
    },
    {
     "date": "2012-09-01T00:00:00",
     "value": 0.0
    },
    {
     "date": "2012-10-01T00:00:00",
     "value": 0.03
    },
    {
     "date": "2012-11-01T00:00:00",
     "value": 0.07
    },
    {
     "date": "2012-12-01T00:00:00",
     "value": 0.07
    },
    {
     "date": "2013-01-01T00:00:00",
     "value": 0.08
    },
    {
     "date": "2013-02-01T00:00:00",
     "value": 0.04
    },
    {
     "date": "2013-03-01T00:00:00",
     "value": 0.03
    },
    {
     "date": "2013-04-01T00:00:00",
     "value": 0.04
    },
    {
     "date": "2013-05-01T00:00:00",
     "value": 0.07
    },
    {
     "date": "2013-06-01T00:00:00",
     "value": 0.11
    },
    {
     "date": "2013-07-01T00:00:00",
     "value": 0.1
    },
    {
     "date": "2013-08-01T00:00:00",
     "value": 0.06
    },
    {
     "date": "2013-09-01T00:00:00",
     "value": 0.1
    },
    {
     "date": "2013-10-01T00:00:00",
     "value": 0.05
    },
    {
     "date": "2013-11-01T00:00:00",
     "value": 0.05
    },
    {
     "date": "2013-12-01T00:00:00",
     "value": 0.09
    },
    {
     "date": "2014-01-01T00:00:00",
     "value": 0.09
    },
    {
     "date": "2014-02-01T00:00:00",
     "value": 0.08
    },
    {
     "date": "2014-03-01T00:00:00",
     "value": 0.07
    },
    {
     "date": "2014-04-01T00:00:00",
     "value": 0.13
    },
    {
     "date": "2014-05-01T00:00:00",
     "value": 0.09
    },
    {
     "date": "2014-06-01T00:00:00",
     "value": 0.13
    },
    {
     "date": "2014-07-01T00:00:00",
     "value": 0.16
    },
    {
     "date": "2014-08-01T00:00:00",
     "value": 0.08
    },
    {
     "date": "2014-09-01T00:00:00",
     "value": 0.11
    },
    {
     "date": "2014-10-01T00:00:00",
     "value": 0.13
    },
    {
     "date": "2014-11-01T00:00:00",
     "value": 0.14
    },
    {
     "date": "2014-12-01T00:00:00",
     "value": 0.11
    },
    {
     "date": "2015-01-01T00:00:00",
     "value": 0.16
    },
    {
     "date": "2015-02-01T00:00:00",
     "value": 0.12
    },
    {
     "date": "2015-03-01T00:00:00",
     "value": 0.07
    },
    {
     "date": "2015-04-01T00:00:00",
     "value": 0.12
    },
    {
     "date": "2015-05-01T00:00:00",
     "value": 0.16
    },
    {
     "date": "2015-06-01T00:00:00",
     "value": 0.15
    },
    {
     "date": "2015-07-01T00:00:00",
     "value": 0.12
    },
    {
     "date": "2015-08-01T00:00:00",
     "value": 0.12
    },
    {
     "date": "2015-09-01T00:00:00",
     "value": 0.15
    },
    {
     "date": "2015-10-01T00:00:00",
     "value": 0.11
    },
    {
     "date": "2015-11-01T00:00:00",
     "value": 0.06
    },
    {
     "date": "2015-12-01T00:00:00",
     "value": 0.15
    },
    {
     "date": "2016-01-01T00:00:00",
     "value": 0.12
    },
    {
     "date": "2016-02-01T00:00:00",
     "value": 0.15
    },
    {
     "date": "2016-03-01T00:00:00",
     "value": 0.11
    },
    {
     "date": "2016-04-01T00:00:00",
     "value": 0.11
    },
    {
     "date": "2016-05-01T00:00:00",
     "value": 0.18
    },
    {
     "date": "2016-06-01T00:00:00",
     "value": 0.08
    },
    {
     "date": "2016-07-01T00:00:00",
     "value": 0.11
    },
    {
     "date": "2016-08-01T00:00:00",
     "value": 0.1
    },
    {
     "date": "2016-09-01T00:00:00",
     "value": 0.12
    },
    {
     "date": "2016-10-01T00:00:00",
     "value": 0.04
    },
    {
     "date": "2016-11-01T00:00:00",
     "value": 0.15
    },
    {
     "date": "2016-12-01T00:00:00",
     "value": 0.1
    },
    {
     "date": "2017-01-01T00:00:00",
     "value": 0.15
    },
    {
     "date": "2017-02-01T00:00:00",
     "value": 0.19
    },
    {
     "date": "2017-03-01T00:00:00",
     "value": 0.11
    },
    {
     "date": "2017-04-01T00:00:00",
     "value": 0.13
    },
    {
     "date": "2017-05-01T00:00:00",
     "value": 0.18
    },
    {
     "date": "2017-06-01T00:00:00",
     "value": 0.17
    },
    {
     "date": "2017-07-01T00:00:00",
     "value": 0.16
    },
    {
     "date": "2017-08-01T00:00:00",
     "value": 0.16
    },
    {
     "date": "2017-09-01T00:00:00",
     "value": 0.15
    },
    {
     "date": "2017-10-01T00:00:00",
     "value": 0.14
    },
    {
     "date": "2017-11-01T00:00:00",
     "value": 0.14
    },
    {
     "date": "2017-12-01T00:00:00",
     "value": 0.16
    },
    {
     "date": "2018-01-01T00:00:00",
     "value": 0.16
    },
    {
     "date": "2018-02-01T00:00:00",
     "value": 0.17
    },
    {
     "date": "2018-03-01T00:00:00",
     "value": 0.17
    },
    {
     "date": "2018-04-01T00:00:00",
     "value": 0.18
    },
    {
     "date": "2018-05-01T00:00:00",
     "value": 0.21
    }
   ]
  }
 ]
}