Operator,API#,WellStatus,WellType,WellName,WellNumber,Y,x,Sec,Twp,Rng,EWFormationsName
16896,3500320929,AC,2DNC,R & H,1,36.962804,-98.51955,29,29N,12W,NULL
10879,3500321167,TM,SWD,KNOPF                         ,   1-7,36.838708,-98.41653,7,27N,11W,NULL
23210,3500321748,AC,2DCm,KRAFT,1,36.900776,-98.44753,13,28N,12W,NULL
23079,3500321840,AC,2DNC,ALFALFA,1,36.622469,-98.17148,28,25N,09W,NULL
17441,3500321848,AC,2DNC,HDW,1-2,36.592199,-98.13629,2,24N,09W,NULL
17441,3500321897,AC,2DNC,GIDEON,1-32,36.693187,-98.18276,32,26N,09W,NULL
22281,3500321916,AC,2DNC,LILY SWD,1-27,36.969717,-98.25985,27,29N,10W,NULL
23079,3500321923,PA,2D,TUMBLEWEED,1-33,36.691804,-98.49143,33,26N,12W,NULL
17441,3500321931,AC,2DNC,DUTCH HARBOR SWD,1-14,36.63792,-98.45088,14,25N,12W,NULL
22281,3500321961,AC,2DNC,BAILAR SWD,1-35,36.94258,-98.47106,35,29N,12W,NULL
22281,3500321976,AC,2DNC,RISITA SWD,1-27,36.9573055555556,-98.8536,27,29N,09W,ARBUCKLE
22281,3500321983,AC,2DNC,DORADO SWD,1-32,36.9562,-98.2006,32,29N,09W,NULL
22281,3500321994,AC,2DNC,FIERO SWD,1-23,36.9849,-98.1344,23,29N,09W,NULL
22281,3500321995,AC,2DNC,TIBURON SWD,1-1,36.9279,-98.1182,1,28N,09W,NULL
22281,3500322002,AC,2DNC,TIBURON SWD,2-1,36.9281,-98.1181,1,28N,09W,NULL
22281,3500322006,AC,2DNC,GATILLO SWD,1-34,36.9562,-98.3784,34,29N,11W,NULL
22281,3500322012,AC,2DNC,DOTTY SWD,1-27,36.9588,-98.2575,27,29N,10W,NULL
22281,3500322019,AC,2DNC,AQUARIUS SWD,1-22,36.9848,-98.3661,22,29N,11W,NULL
22281,3500322020,AC,2DNC,ROSE KELLY SWD,1-3,36.9286,-98.269,3,28N,10W,ARBUCKLE
17441,3500322023,AC,2DNC,AMAZON SWD,1-25,0,0,25,29N,10W,ARBUCKLE
22281,3500322024,AC,2DNC,CLAUDE SWD,1-13,36.9866,-98.33,13,29N,11W,NULL
22281,3500322026,AC,2DNC,BETTY ELLEN SWD,1-20,36.972,-98.2009,20,29N,09W,NULL
22281,3500322027,AC,2DNC,CALLIE SWD,1-7,0,0,7,28N,12W,NULL
22281,3500322028,AC,2DNC,ROXY SWD,1-30,36.9576,-98.3157,30,29N,10W,ARBUCKLE
22281,3500322039,AC,2DNC,ALLISON SWD,1-22,36.9789,-98.008,22,29N,12W,NULL
17441,3500322046,AC,2DNC,NILE 14-28-12 SWD,1,36.91245,-98.45291,14,28N,12W,ARBUCKLE
22281,3500322066,AC,2DNC,OWEN SWD,1-13,36.5506,-98.2171,13,24N,10W,NULL
22281,3500322102,AC,2DNC,CARA SWD,1-31,36.50687,-98.3036,31,24N,10W,NULL
22281,3500322108,AC,2DNC,BAILEY SWD,1-1,0,0,1,28N,10W,NULL
22281,3500322117,AC,2DNC,SHARON SWD,1-22,36.9852,-98.2628,22,29N,10W,NULL
22281,3500322131,AC,2DNC,ASHLEY SWD,1-36,36.8688,-98.2317,36,28N,10W,NULL
22281,3500322132,AC,2DNC,BAILEY SWD,2-1,36.92983,-98.2174,1,28N,10W,NULL
22281,3500322133,AC,2DNC,FIERO SWD,2-23,36.9849,-98.1333,23,29N,09W,NULL
22281,3500322144,AC,2DNC,JUDY SWD,1-12,36.92142,-98.32489,12,28N,11W,NULL
17441,3500322152,AC,2DNC,MISSISSIPPI 14-26-12 SWD,1,0,0,14,26N,12W,ARBUCKLE
22281,3500322157,AC,2DNC,SHARON SWD,2-22,36.9848,-98.2628,22,29N,10W,ARBUCKLE
22281,3500322158,AC,2DNC,ROBYN SWD,1-14,36.8989,-98.1313,14,28N,09W,NULL
22281,3500322163,AC,2DNC,PRESLEY SWD,1-27,36.78392,-98.36732,27,27N,11W,NULL
22281,3500322165,AC,2DNC,DOTTY SWD,2-27,36.9588,-98.2575,27,29N,10W,NULL
10399,3500322177,AC,2DNC,WILLIAMS SWD,1-6,0,0,6,28N,10W,ARBUCKLE
22281,3500322183,AC,2DNC,CRICKET SWD,1-21,36.895,-98.1643,21,28N,09W,NULL
22281,3500322186,AC,2DNC,JUDY SWD,2-12,36.9219,-98.3248,12,28N,11W,NULL
22281,3500322193,AC,2DNC,ROSE KELLY SWD,2-3,0,0,3,28N,10W,NULL
22281,3500322212,AC,2DNC,ASHLEY SWD,2-36,0,0,36,28N,10W,NULL
22281,3500322228,AC,2DNC,BONNIE JEAN SWD,1-22,36.796,-98.16,22,27N,09W,NULL
22281,3500322229,AC,2DNC,SIDNEY SWD,1-3,36.9281,-98.1623,3,28N,09W,ARBUCKLE
22281,3500322246,AC,2DNC,GATILLO SWD,2-34,36.9563,-98.3782,34,29N,11W,NULL
22281,3500322247,AC,2DNC,PRESLEY SWD,2-27,36.7835,-98.36735,27,27N,11W,NULL
22281,3500322286,AC,2DNC,BETTY ELLEN SWD,2909 2-20,36.972,-98.2004,20,29N,09W,NULL
17441,3500322302,AC,2DNC,TIGRIS 24-24-11 SWD,1,NULL,NULL,24,24N,11W,ARBUCKLE
23413,3500322308,AC,2DCm,REITZ,1 SWD,36.8403,-98.3611,10,27N,11W,NULL
22281,3500322316,AC,2DNC,GRISWOLD SWD 2811,1-25,36.8838,-98.32708,25,28N,11W,ARBUCKLE
22281,3500322318,AC,2DNC,POPPINS SWD 2810,2-21,0,0,21,28N,10W,ARBUCKLE
16896,3500322345,AC,2DNC,WESSEL,SWD #1,36.7674,-98.4667,1,26N,12W,ARBUCKLE
17441,3500322349,AC,2DNC,RIO GRANDE 16-27-12 SWD,1,0,0,16,27N,12W,ARBUCKLE
22281,3500322355,AC,2DNC,DUSTIN SWD 2709,1-6,36.8414,-98.2158,6,27N,09W,ARBUCKLE
17713,3500322370,AC,2DNC,MYERS,1-34 SWD,36.781453,-98.1617,34,27N,09W,NULL
22281,3500322386,AC,2DNC,MILLIE SWD 2810,1-9,36.91363,-98.28301,9,28N,10W,ARBUCKLE
22281,3500322390,AC,2DNC,LIZZIE SWD 2711,1-33,36.7691,-98.379,33,27N,11W,NULL
17441,3500322409,AC,2DNC,THAMES 33-28-9 SWD,1,0,0,33,28N,09W,ARBUCKLE
22281,3500322418,AC,2DNC,ROSE SWD 2810,1-26,36.87902,-98.23587,26,28N,10W,ARBUCKLE
22281,3500322426,AC,2DNC,LAUREN SWD 2609,1-3,36.76691,-98.1491,3,26N,09W,NULL
22281,3500322476,AC,2DNC,MARLEY SWD 2511,1-25,36.60926,-98.33863,25,25N,11W,NULL
23079,3500322489,AC,2DNC,MURROW SWD,1-10,36.74012,-98.48514,10,26N,12W,ARBUCKLE
22281,3500322504,AC,2DNC,BAKER SWD 2810,1-20,0,0,20,28N,10W,NULL
22281,3500322521,AC,2DNC,CLARK W SWD 2811,1-27,36.87107,-98.3717,27,28N,11W,ARBUCKLE
22281,3500322540,AC,2DNC,DIAMONDBACK SWD 2710,1-5,36.8543,-98.2899,5,27N,10W,ARBUCKLE
22281,3500322548,AC,2DNC,COTTONWOOD SWD 2411,1-19,36.53635,-98.41876,19,24N,11W,ARBUCKLE
22281,3500322600,AC,2DNC,MIGUEL SWD 2611,1-9,36.74578,-98.37932,9,26N,11W,ARBUCKLE
22281,3500322623,AC,2DNC,PHIN SWD 2811,1-11,36.91412,-98.35258,11,28N,11W,ARBUCKLE
17441,3500322710,AC,2DNC,COLUMBIA 36-27-12 SWD,1,0,0,36,27N,12W,ARBUCKLE
23072,3500322722,AC,2DNC,JACKDAW,SWD #1,36.65223,-98.15522,10,25N,09W,ARBUCKLE
22281,3500322805,AC,2DNC,MARLEY SWD 2511,2-25,36.6093,-98.37949,25,25N,11W,ARBUCKLE
23413,3500322903,AC,2DCm,REITZ,2 SWD,36.8403,-98.3617,10,27N,11W,ARBUCKLE
17342,3500322954,AC,2DNC,MCDANIEL SWD,1-18,36.6380465,-98.43099849,18,25N,11W,ARBUCKLE
22281,3500322973,AC,2DNC,MIGUEL SWD 2611,2-9,36.7458,-98.3788,9,26N,11W,ARBUCKLE
22281,3500323033,AC,2DNC,TATUM ROSE SWD 2710,1-17,0,0,17,27N,10W,ARBUCKLE
17441,3500323099,AC,2DNC,YELLOW 30-27-10 SWD,1,36.7833,-98.3213,30,27N,10W,ARBUCKLE
23199,3501723786,AC,2DNC,CHUPA,1-12,35.704936,-97.678572,12,14N,05W,NULL
17441,3501723998,AC,2DNC,WEST EDMOND,1-24,35.669415,-97.681702,24,14N,05W,NULL
23123,3501924307,AC,2DCm,DAVIS,1-24,34.113113,-97.14792,24,05S,01E,NULL
14156,3501924839,AC,2DNC,BAUMERT,1-15,NULL,NULL,15,04S,03W,NULL
23434,3501925895,AC,2DCm,TRI CITY SWD,1,0,0,23,04S,03W,ARBUCKLE
9998,3502735086,PA,SWD,"MADOLE,                       ",     1,NULL,NULL,16,08N,02W,NULL
15996,3502920060,AC,2DCm,MOWDY,1,34.495401,-96.30125,6,01S,10E,NULL
22766,3502920411,PA,2DCm,M CROW,2-34,34.594421,-96.1284,34,02N,11E,NULL
21422,3502920422,AC,2DCm,ROBINS,1-27,34.609955,-96.35042,27,02N,09E,NULL
22057,3502920856,PA,2D,TEXAS TRANSCO,1,NULL,NULL,4,01N,10E,NULL
23088,3502920890,AC,2DCm,CLARITA,11-1,34.48925,-96.4249166666667,11,01S,08E,NULL
22182,3502921000,AC,2DNC,DOUBLE 5 RANCH,2-10,34.7516388888889,-96.2386111111111,10,03N,10E,NULL
20147,3503120817,AC,2DNC,TROPE,1,34.600691,-98.27238,32,02N,10W,NULL
21468,3503520039,PA,SWD,V C STINE                     ,     1,36.971487,-95.28111,29,29N,19E,NULL
22680,3503521361,AC,2DNC,TAYLOR,1-9,36.917666,-95.38796,9,28N,18E,NULL
21509,3503521393,AC,2DNC,CASH,1-28,36.960523,-95.3545,28,29N,18E,NULL
13961,3503521528,AC,2DNC,RON COATS,D-1,0,0,25,26N,19E,ARBUCKLE
22138,3503521529,PA,2DNC,JOHNSTON,11-1,NULL,NULL,11,28N,19E,NULL
19947,3503701293,AC,2DNC,RIVERBED  A,SWD-1,NULL,NULL,8,18N,07E,NULL
19386,3503701716,AC,2DNC,MANUEL,42,36.07235,-96.5732,4,18N,07E,NULL
19289,3503701808,AC,2DCm,MIKEY                         ,    14,36.00239,-96.58183,33,18N,07E,NULL
19312,3503704125,AC,2DNC,REPLOGLE,2,35.787149,-96.45309,10,15N,08E,NULL
22794,3503704881,AC,2DNC,SUDS WATER SYSTEM             ,   S-4,35.7887222222222,-96.2394722222222,10,15N,10E,NULL
4209,3503705572,AC,2DNC,TARR,2,35.897663,-96.55761,3,16N,07E,NULL
10950,3503709945,PA,SWD,JOHN W. POWELL 'D'            ,26    ,NULL,NULL,17,18N,07E,NULL
22550,3503709990,AC,2DNC,S LONG,2,36.05241,-96.5755,9,18N,07E,NULL
20862,3503713541,AC,2DNC,MARTHA BIGPOND,WS-1,NULL,NULL,6,18N,12E,NULL
20417,3503716074,AC,2DNC,SUSIE CROW,1-A,36.06147,-96.5822,4,18N,07E,NULL
23271,3503716141,AC,2DNC,BRINTON,D-09,NULL,NULL,6,18N,07E,NULL
10179,3503716435,AC,2DNC,FIXICO,N1,36.039691,-96.5910531,17,18N,07E,NULL
22550,3503716453,AC,2DNC,POWELL,15,36.03278,-96.59222,17,18N,07E,NULL
20780,3503716484,AC,2DNC,"SCOTT, LOUISA",5,NULL,NULL,18,18N,07E,NULL
22550,3503720565,AC,2DNC,EMMA COKER,36,3604515,-96.5799,16,18N,07E,NULL
20096,3503720628,AC,2DNC,RODGERS,5,NULL,NULL,32,19N,07E,NULL
22550,3503720730,AC,2DNC,LONG,21W,36.04969,-96.5788,9,18N,07E,NULL
22550,3503720804,AC,2DNC,STARR,34,36.050116,-96.58603,8,18N,07E,NULL
23271,3503720806,AC,2DNC,FARRIS,29-SWD,36.03607,-96.5933,17,18N,07E,NULL
22550,3503720971,AC,2DNC,VIDA M. WAY,26A,35.04217,-96.5985,17,18N,07E,NULL
23271,3503721033,AC,2DNC,"FISHER, G.W.  SWD",27,36.0442,-96.6033,18,18N,07E,NULL
13989,3503721143,AC,2DNC,"TIGER ""H""",5,35.9472222222222,-96.5841944444444,17,17N,07E,NULL
20417,3503721294,AC,2DNC,ANNIE ROBERTS,1,NULL,NULL,22,18N,07E,NULL
913,3503721548,PA,SWD,WM BERRYHILL                  , SWD-1,NULL,NULL,17,17N,12E,NULL
23271,3503722031,AC,2DNC,E. WILSON,1,36.03788,-96.6,17,18N,07E,NULL
23271,3503722414,AC,2DNC,AMY SIMPSON,29,36.0469427,-96.5932869,8,18N,07E,NULL
22550,3503723596,AC,2DNC,"WAY, VIDA M.",27,36.042863,-96.59942,17,18N,07E,NULL
8610,3503723616,AC,2DNC,VANCE,2,36.05779,-96.6111,7,18N,07E,NULL
22550,3503723638,AC,2DNC,"VANCE, BEN",33,36.057793,-96.60218,7,18N,07E,NULL
16835,3503724098,TM,SWD,WILLIAM BERRYHILL             ,2-SWD ,NULL,NULL,17,17N,12E,NULL
16835,3503724788,TM,SWD,WILLIAM BERRYHILL             ,4-SWD ,NULL,NULL,17,17N,12E,NULL
23678,3503725048,AC,2DNC,THOMAS,1,35.707276,-96.25742,9,14N,10E,NULL
8610,3503725751,AC,2DNC,CURTIS,3,35.897748,-96.41085,1,16N,08E,NULL
21660,3503726702,AC,2DNC,SARNIE,2,NULL,NULL,11,18N,09E,NULL
22550,3503727834,AC,2DNC,MUSSELLEM,31,36.05782,-96.5888,8,18N,07E,NULL
22550,3503728150,AC,2DNC,MUSSELLEM,32,36.04649,-96.5883,8,18N,07E,NULL
19470,3503728615,AC,2DNC,LENA YAHOLA,15,35.781695,-96.48088,17,15N,08E,WILCOX
23271,3503728644,AC,2DNC,G.W. FISHER,29,36.04284,-96.605,18,18N,07E,NULL
23271,3503728748,AC,2DNC,FARRIS M,31,36.03335,-96.5944,17,18N,07E,NULL
23271,3503728759,AC,2DNC,MILLER,13,36.053,-96.61792,7,18N,07E,NULL
20862,3503728844,AC,2DNC,RICHARD RIVERLAND             ,2-A   ,36.071,-96.09472,1,18N,11E,ARBUCKLE
23678,3503729027,AC,2DNC,BRYANT,1-25,0,0,25,15N,10E,ARBUCKLE
22892,3503729078,AC,2DNC,JACK,1,36.078368,-96.433168,35,19N,08E,ARBUCKLE
22550,3503729101,AC,2DNC,POWELL,C31 SWD,36.0332335,-96.591053138,17,18N,07E,ARBUCKLE
19470,3503729133,AC,2DNC,LENA YAHOLA,W-1,0,0,17,15N,08E,ARBUCKLE
13620,3503729144,AC,2DNC,WHEELER SWD,1-20,35.93131,-96.38083,20,17N,09E,ARBUCKLE
13620,3503729170,AC,2DNC,GEAR SWD,1,36.04911,-96.485,8,18N,08E,ARBUCKLE
20417,3503729174,AC,2DNC,SARAH DEERE,7-7,35.971968,-96.617731,7,17N,07E,ARBUCKLE
13620,3503729185,AC,2DNC,ANTHIS SWD,1,0,0,29,18N,09E,ARBUCKLE
23271,3503729186,AC,2DNC,B. WILSON,25,36.05297,-96.60869,7,18N,07E,ARBUCKLE
14665,3503729201,AC,2DCm,FOUNTAIN SWD,1,0,0,32,17N,07E,ARBUCKLE
13620,3503729214,AC,2DNC,VANMETER SWD,1-33,0,0,33,18N,08E,ARBUCKLE
23271,3503729215,AC,2DNC,MCBRIDE,35,0,0,8,18N,07E,ARBUCKLE
23271,3503730210,AC,2DNC,CUSHING CO-OP WFS,S-1,35.975379,-96.55874,3,17N,07E,NULL
22550,3503735796,AC,2DNC,"VANCE, SAM",8,NULL,NULL,6,18N,07E,NULL
23271,3503735896,AC,2DNC,MCBRIDE                  ,1     ,NULL,NULL,8,18N,07E,NULL
22550,3503736133,PA,2D,VIDA WAY,1,36.042863,-96.60054,17,18N,07E,NULL
19386,3503736202,AC,2DNC,"WACOCHE, BENJAMINE",4,36.027,-96.59775,20,18N,07E,NULL
2237,3503770585,PA,SWD,GEORGE E. BLACK               ,40    ,NULL,NULL,4,18N,07E,NULL
1701,3503770631,PA,SWD,FARRIS                        ,13    ,NULL,NULL,17,18N,07E,NULL
15892,3503775027,AC,2DCm,BARNHART,1,35.95766,-96.0407,16,17N,12E,NULL
19118,3504702185,TM,SWD,H. SCHROADER                  ,3W    ,36.376781,-97.56465,18,22N,03W,NULL
21316,3504724107,TM,SWD,BRYAN SWDW (FREDA 1-26),1,36.266425,-97.81109,26,21N,06W,NULL
19118,3504724219,AC,2DNC,HAYES,B-2,36.440683,-97.55962,30,23N,03W,NULL
19118,3504724338,AC,2DNC,SCHOOL LAND 64,77,36.378628,-97.57585,13,22N,04W,NULL
22281,3504724403,AC,2DNC,PROTEUS,17-1,36.474556,-98.08615,17,23N,08W,NULL
19118,3504724404,AC,2DNC,GREGG,1,36.355481,-97.56297,30,22N,03W,NULL
10239,3504724444,AC,2DNC,VENCI SWD,2-26,36.532878,-97.69684,26,24N,05W,NULL
19792,3504724485,AC,2DNC,MARSHALL EAST SWD,1,NULL,NULL,35,20N,04W,NULL
20891,3504724494,AC,2DCm,EARL,1,36.541816,-98.016955,23,24N,08W,ARBUCKLE
22143,3504724507,AC,2DCm,SWDW,1-27,36.44772,-97.6048,27,23N,04W,NULL
23485,3504724516,AC,2DNC,TOEWS SWD,1-15,36.55634,-97.61396,15,24N,04W,NULL
22281,3504724528,AC,2DNC,LOMA SWD,1-1,36.5043611111111,-97.8903611111111,1,23N,07W,ARBUCKLE
23485,3504724534,AC,2DCm,ZALOUDEK,1-34 SWD,36.519282,-97.69572,34,24N,05W,NULL
22281,3504724544,PA,2D,BFB SWD,1-35,0,0,35,23N,08W,NULL
22281,3504724545,PA,2D,LOMA SWD,2-1,0,0,1,23N,07W,NULL
22678,3504724547,AC,2DCm,DZ,29-1 SWD,36.521417,-97.747556,29,24N,05W,NULL
22113,3504724549,AC,2DNC,WEBER,19-1 SWD,0,0,19,20N,05W,NULL
22113,3504724553,AC,2DNC,J & J,7-1 SWD,36.231246,-97.767388,7,20N,05W,ARBUCKLE
20751,3504724579,AC,2DNC,LIMESTONE SWD 27,1-27,36.272637,-97.61505,27,21N,04W,NULL
22446,3504724582,AC,2DNC,HOFFMAN,21-SWD1,36.46202,-97.53025,21,23N,03W,ARBUCKLE
20751,3504724590,AC,2DNC,SMITH,1-14D SWD,36.202358,-97.594306,23,20N,04W,ARBUCKLE
22446,3504724611,AC,2DNC,PLC,2-SWD#1,36.41866,-97.48259,2,22N,03W,ARBUCKLE
23402,3504724615,AC,2DNC,ESTILL,8-SWD,36.280834,-98.089157,19,21N,08W,ARBUCKLE
20751,3504724620,AC,2DNC,LIMESTONE SWD,24-1,36.27506,-97.46158,24,21N,03W,ARBUCKLE
20751,3504724621,AC,2DNC,WILLIAMS,1-24 SWD,36.27532,-97.58343,24,21N,04W,NULL
22446,3504724622,AC,2DNC,OBERLENDER,23-SWD1,36.3759,-97.47859,23,22N,03W,ARBUCKLE
23485,3504724625,AC,2DCm,NIAGARA FALLS,1-22 SWD,36.535514,-97.619327,22,24N,04W,NULL
22664,3504724630,AC,2DNC,BADLANDS SWD,1-24,36.54888,-97.46724,24,24N,03W,ARBUCKLE
23070,3504724647,TM,2DNC,THOMAS,UNIT 5,0,0,30,21N,08W,NULL
16896,3504724660,AC,2DNC,BLACK HOLE SWD,1,36.549892,-97.508606,15,24N,03W,ARBUCKLE
22918,3504724668,AC,2DNC,WHITENECK TRUST 20-3-12,1 SWD,36.21854,-97.48066,12,20N,03W,2ND WILCOX
20751,3504724761,AC,2DNC,EDWARDS 32-21N-3W,1 SWD,36.25931,-97.54981,32,21N,03W,ARBUCKLE
22281,3504724774,AC,2DNC,FRIDA SWD 2305,1-2,36.492588,-97.7068,2,23N,05W,ARBUCKLE
16896,3504724776,AC,2DNC,KINETIC SWD,1,0,0,11,21N,06W,ARBUCKLE
23072,3504724809,AC,2DNC,OTTERHOUND,SWD 1,36.579662,-97.971136,5,24N,07W,ARBUCKLE
22281,3504724814,AC,2DNC,ISABELLA SWD 2407,1-28,36.534552,-97.945988,28,24N,07W,ARBUCKLE
20751,3504724818,AC,2DNC,OLMSTEAD 21-21N-3W,1SWD,36.275787,-97.515708,21,21N,03W,ARBUCKLE
20751,3504724848,AC,2DNC,SEBRANEK 1-21N-3W,1SWD,36.319858,-97.477984,1,21N,03W,ARBUCKLE
22281,3504724849,AC,2DNC,JAKE SWD 2406,1-18,36.564277,-97.874135,18,24N,06W,ARBUCKLE
22281,3504724873,AC,2DNC,KAYLEE RAE SWD 2305,1-15,36.46987,-97.71174,15,23N,05W,ARBUCKLE
22281,3504724876,AC,2DNC,TROY SWD 2408,1-1,36.580073,-97.998393,1,24N,08W,ARBUCKLE
20751,3504724903,AC,2DNC,HEDGES 6-21N-5W,1SWD,0,0,6,21N,05W,ARBUCKLE
22281,3504724905,AC,2DNC,ISABELLA SWD 2407,2-28,0,0,28,24N,07W,ARBUCKLE
22281,3504724919,AC,2DNC,LISA H SWD 2408,1-34,36.520772,-98.040146,34,24N,08W,ARBUCKLE
22281,3504724926,AC,2DNC,JAKE SWD 2406,2-18,0,0,18,24N,06W,ARBUCKLE
22801,3504920935,AC,2DNC,PRINCE,3,34.510238,-97.43779,32,01N,02W,NULL
4190,3504921030,AC,2DNC,JANE ROYALTY,11,34.5097746,-97.4416592,31,01N,02W,NULL
17710,3504923541,AC,2DNC,KIMBRELL,2,34.547841,-97.45922,24,01N,03W,ARBUCKLE
18265,3504923751,AC,2DNC,PATSY,1-17,34.551386,-97.53166,17,01N,03W,SIMPSON
19522,3504923783,AC,2DCm,CLINTON,1-18,34.735803,-97.14039,18,03N,02E,NULL
21553,3504924599,AC,2DNC,COLLINS-HICKMAN,7,34.786038,-97.260505,25,04N,01W,NULL
22422,3504924791,TM,2DCm,FILO SWD,1,0,0,13,03N,01E,NULL
15271,3505300208,AC,2DNC,DIXON,1,36.6449722222222,-97.52425,16,25N,03W,NULL
16896,3505321839,AC,2DNC,"MESSENGER ""A""",1,36.711088,-97.93518,22,26N,07W,MISENER
17713,3505322073,AC,2DNC,DENNIS SWD,1-6,36.753608,-97.99376,6,26N,07W,NULL
18643,3505322209,AC,2DNC,MOLLY,2,36.817349,-97.495224,14,27N,03W,NULL
18643,3505322454,AC,2DNC,BUXTON,1,36.818635,-97.49359,14,27N,03W,NULL
23072,3505322487,AC,2DNC,K-9,1,36.637144,-97.99206,18,25N,07W,NULL
23072,3505322591,AC,2DNC,K-9,2,36.6065,-98.0559722222222,33,25N,08W,NULL
18496,3505322665,AC,2DNC,PAUL KIRBY                    ,1     ,36.666677,-97.65803,5,25N,04W,MISSISSIPPI
22281,3505322687,AC,2DNC,SQUIRES SWD,1,36.777646,-97.508578,34,27N,03W,NULL
21475,3505322722,AC,2DCm,KERRI ANN SWD,1-5,36.937302,-97.76624,5,28N,05W,NULL
22281,3505322763,AC,2DNC,WALLEY SWD,1-29,0,0,29,29N,06W,NULL
19792,3505322764,AC,2DNC,THOMAS SWD,1,36.83435,-97.83435,27,29N,06W,NULL
22281,3505322771,AC,2DNC,ORION SWD,1-22,36.623055,-97.719527,22,25N,05W,NULL
22281,3505322783,AC,2DNC,NANA SWD,1-27,36.7952777777778,-97.6079444444444,27,27N,04W,NULL
22281,3505322786,AC,2DCm,HADLEY SWD,1-15,36.9870555555556,-97.7303333333333,15,29N,05W,NULL
22281,3505322791,AC,2DNC,TAYLOR SWD,1-21,36.8098888888889,-97.9513888888889,21,27N,07W,NULL
22281,3505322795,AC,2DNC,LYNCH SWD,1-10,36.7397222222222,-97.8228333333333,10,26N,06W,NULL
22281,3505322796,AC,2DNC,CAVIN SWD,1-31,36.868451,-97.994962,31,28N,07W,NULL
12808,3505322799,AC,2DNC,DOWNING,1-31,36.52052,-97.40314,31,28N,04W,ARBUCKLE
22281,3505322815,AC,2DNC,CASH SWD,2-32,36.948851,-98.076335,32,29N,08W,NULL
22281,3505322816,AC,2DNC,CASH SWD,1-32,36.9488055555556,-98.0757777777778,32,29N,08W,NULL
22281,3505322820,AC,2DNC,KIARA SWD,1-34,36.780789,-97.730286,34,27N,05W,NULL
22281,3505322824,AC,2DNC,DONNA FAYE SWD,1-19,36.797888,-98.108111,19,27N,08W,ARBUCKLE
22281,3505322835,AC,2DNC,SOPHIE SWD,1-14,36.985839,-97.930239,14,29N,07W,NULL
22281,3505322836,AC,2DNC,HARLEY SWD,1-11,36.739409,-98.035995,11,26N,08W,ARBUCKLE
22281,3505322844,AC,2DNC,CHRISSY SWD,1-35,36.76801,-97.80432,35,27N,06W,NULL
22281,3505322892,AC,2DNC,LOUIE SWD WELL,1,36.752069,-97.910836,12,26N,07W,ARBUCKLE
22281,3505322901,AC,2DNC,AMANDA LYNN SWD,1-33,36.21597,-98.64825,33,26N,08W,NULL
23485,3505322904,AC,2DCm,TRENT,1-35 SWD,36.601487,-97.71438,35,25N,05W,NULL
22281,3505322923,AC,2DNC,DONNIE SWD,1-15,36.81922,-98.039657,15,27N,08W,NULL
22281,3505322926,AC,2DNC,AUSTIN SWD,1-16,36.900649,-97.73309,16,28N,05W,NULL
22678,3505322928,AC,2DCm,BOLSER,33-1 SWD,36.781167,-97.955306,33,27N,07W,NULL
21099,3505322933,AC,2DNC,SWD,39,0,0,32,27N,05W,1ST WILCOX
23413,3505322940,AC,2DCm,GEORGE SWD,1,36.797011,-98.03883,22,27N,08W,ARBUCKLE
22281,3505322947,AC,2DNC,KIMBERLY SWD,1-32,0,0,32,26N,06W,NULL
19752,3505322949,AC,2DNC,PRIMEXX SWD,31-1,36.943042,-97.774167,31,29N,05W,NULL
16896,3505322959,AC,2DNC,3505322959,1,36.75194,-97.84619,9,26N,06W,ARBUCKLE
22281,3505322963,AC,2DNC,AMANDA LYNN SWD,2-33,36.68938,-98.057265,33,26N,08W,NULL
22281,3505322987,AC,2DNC,HARLEY SWD,2-11,36.739449,-98.036558,11,26N,08W,NULL
22281,3505322992,AC,2DNC,CONSTANCE SWD,1-18,0,0,18,26N,05W,NULL
22281,3505322996,AC,2DNC,LYNCH SWD,2-10,0,0,10,26N,06W,NULL
22678,3505323011,AC,2DCm,ALICE,32-1 SWD,36.60788454,-97.767040642,32,25N,05W,NULL
22678,3505323030,AC,2DCm,JAMES,18-2 SWD,36.65066,-97.78485,18,25N,05W,NULL
22281,3505323049,AC,2DNC,DONNA FAYE SWD 2708,2-19,36.80866,-98.09854,19,27N,08W,NULL
12075,3505323050,AC,2DCm,WESLEY SWD,1-8,36.918901,-97.767722,8,28N,05W,ARBUCKLE
12808,3505323061,AC,2DNC,DOWNING,1-7 SWD,36.8487,-97.66931,7,27N,04W,NULL
12808,3505323068,AC,2DNC,OPLOTNIK,1-3 SWD,36.766475,-97.714996,6,26N,05W,NULL
22281,3505323082,AC,2DNC,MARY CHARLENE SWD 2706,1-25,36.795491,-97.785982,25,27N,06W,NULL
12808,3505323084,AC,2DNC,POLECAT,1-15 SWD,36.8244,-97.60709,15,27N,04W,NULL
12808,3505323085,AC,2DNC,FRIEOUF,1-7 SWD,36.91419,-97.67655,7,28N,04W,NULL
12808,3505323095,AC,2DNC,SUBERA,1-19 SWD,36.972411,-97.661059,19,29N,04W,NULL
12808,3505323102,AC,2DNC,KIRBY,1-8 SWD,36.66486,-97.65803,8,25N,04W,NULL
23413,3505323115,AC,2DCm,DOWNING,1 SWD,36.845309,-97.82817,2,27N,06W,ARBUCKLE
22281,3505323155,AC,2DNC,ELY SWD 2703,1-5,36.846301,-97.551666,5,27N,03W,NULL
22281,3505323177,AC,2DNC,OLIVIA KATE SWD 2603,1-26,36.70785,-97.49731,26,26N,03W,ARBUCKLE
22281,3505323220,AC,2DNC,NATHANIEL SWD 2806,1-27,36.882715,-97.822343,27,28N,06W,NULL
19792,3505323252,AC,2DNC,LITTLE BEAVER SWD,1-26,36.423105,-97.4911642,26,26N,06W,ARBUCKLE
23072,3505323402,AC,2DNC,DALMATIAN,SWD #1,36.623067,-98.012802,24,25N,08W,ARBUCKLE
19752,3505323417,AC,2DNC,PRIMEXX SWD 1,3,0,0,1,28N,06W,ARBUCKLE
17441,3505922389,AC,2DNC,CARTER,1-23,36.7132777777778,-99.3146944444444,23,26N,20W,NULL
22281,3505922622,AC,2DNC,MACALLAN SWD 2821,1-21,36.899117,-99.459835,21,28N,21W,ARBUCKLE
21553,3506322376,AC,2DNC,ALABAMA,1,35.28722,-96.14501,4,09N,11E,NULL
17565,3506322918,AC,2DNC,PERRYMAN,17-1,35.1606561,-96.2768921,17,08N,10E,NULL
15227,3506322984,TM,SWD,ALEXANDER                     ,8-1   ,35.010016,-96.488807,8,06N,08E,GILCREASE
21553,3506323484,AC,2DCm,WETUMKA,1,35.27296,-96.19202,7,09N,11E,NULL
5092,3506323534,AC,2DNC,DUNCAN,SWD,35.24,-96.4069444444444,24,09N,08E,NULL
22233,3506324068,AC,2DCm,SABER,1,34.848056,-96.267778,5,04N,10E,NULL
21003,3506324315,AC,2DNC,PALE MOON SWD,1-31,34.177502,-96.944066,31,06N,11E,NULL
20944,3506324350,AC,2DNC,DAVIS SWD,228,34.788901,-96.251591,28,04N,10E,NULL
15608,3506324359,AC,2DCm,ANDERSON SWD,2,34.916806,-96.164444,8,05N,11E,ARBUCKLE
22798,3506324366,AC,2DCm,HUGHES,1-10,35.0975,-96.4425,10,07N,08E,NULL
19544,3506324370,AC,2DCm,GOTCHEYE,1,35.106037,-96.489929,5,07N,08E,NULL
22726,3506324421,AC,2DNC,SYDNEY SWD,1,35.07167123,-96.48185566,20,07N,08E,ARBUCKLE
18634,3506520124,AC,2DNC,FOWLER SWD,1,34.4606111111111,-99.6250833333333,20,01S,23W,NULL
11992,3506700248,AC,2DNC,BOLES                         ,     1,NULL,NULL,35,03S,05W,NULL
20239,3506702175,AC,2DNC,"ARPELAR, S.",12,33.993831,-97.7252,33,06S,05W,NULL
22951,3507100376,AC,2DNC,OVERMAN,1,36.7540555555556,-97.1551944444444,1,26N,01E,NULL
2057,3507100545,AC,2DNC,CAUDILLO-WOOD,2,36.71041,-97.25,24,26N,01W,NULL
22034,3507100568,AC,2DNC,GERALDEAN BUMGARDNER,2,36.84085,-97.28392,3,27N,01W,NULL
17360,3507101462,AC,2DNC,MURET (WARREN #1),1,36.888951,-97.2264,20,28N,01E,NULL
2057,3507101855,AC,2DNC,NORTH,5,36.746483,-97.35835,12,26N,02W,NULL
18152,3507102024,PA,SWD,PRUNTY FARM                   ,    10,NULL,NULL,28,27N,01E,NULL
17035,3507102066,AC,2DNC,SLOCUM-MOORE,3,36.84085,-97.29294,3,27N,01W,NULL
16112,3507102101,AC,2DNC,JAMISON,9,36.83355,-97.32001,8,27N,01W,NULL
21920,3507102303,AC,2DNC,HORINEK,1,36.848929,-96.95121,2,27N,03E,NULL
11861,3507102520,PA,SWD,MILLER-HART                   ,6     ,NULL,NULL,29,29N,01E,NULL
19118,3507103813,PA,2D,"PRIBOTH, F. F.",13,36.983912,-97.3152,21,29N,01W,NULL
2057,3507104960,PA,SWD,RICHMOND                      ,     1,36.762796,-97.36511,1,26N,02W,NULL
6093,3507120232,TM,2D,DAY,5,36.980261,-97.31972,20,29N,01W,NULL
19118,3507120255,AC,2DNC,SHOFFNER,1,NULL,NULL,21,29N,01W,NULL
22388,3507120374,AC,2DNC,"ENDICOTT ""D""",1,36.596162,-97.27711,35,25N,01W,NULL
19946,3507120574,AC,2DNC,ENDICOTT,4,NULL,NULL,34,25N,01W,NULL
18071,3507120771,PA,2DNC,RCR SWD,1,36.85583,-96.76903,33,28N,05E,NULL
12730,3507121259,AC,2DNC,EVANS,2,36.935162,-97.23204,6,28N,01E,NULL
21767,3507122458,AC,2DNC,JENKINS                       ,     2,36.808173,-96.96136,22,27N,03E,NULL
8503,3507122462,AC,2DNC,R.E. WELSH,9-A,36.893483,-97.22076,20,28N,01E,NULL
16896,3507122564,AC,2DNC,ROBERT SANDS,1A,36.836649,-96.75609,10,27N,05E,NULL
7578,3507122608,PA,SWD,GRAHAM RANCH                  ,28-1D ,NULL,NULL,28,27N,05E,NULL
14962,3507122836,AC,2DNC,CONKLIN,3,36.830364,-96.77075,9,27N,05E,NULL
17322,3507122858,PA,SWD,MCCORMICK                     ,3     ,NULL,NULL,21,29N,01W,NULL
22388,3507123002,AC,2DNC,A.M. THOMAS,15,36.6397222222222,-97.40575,15,25N,02W,NULL
22551,3507123535,AC,2DNC,HUDSON,1-32,NULL,NULL,32,27N,01W,NULL
19118,3507123574,AC,2DNC,SHOFFNER,2-28,36.969411,-97.31294,28,29N,01W,TYNER
21301,3507123577,AC,2DNC,O'HARA,4,36.927355,-97.32734,5,28N,01W,WILCOX
18152,3507123582,PA,SWD,HEG SCHMITT                   ,13    ,NULL,NULL,31,27N,02E,NULL
22182,3507123589,TM,2D,HEG PAYNE,3,36.933246,-97.33355,5,28N,01W,NULL
5815,3507123593,PA,SWD,HUTTON                        ,#1    ,NULL,NULL,5,28N,01W,NULL
22182,3507123613,AC,2DNC,HUTTON,2,36.929164,-97.32971,5,28N,01W,ARBUCKLE
9003,3507123637,PA,SWD,HEG CONOCO                    ,1     ,NULL,NULL,4,25N,02E,NULL
17067,3507123760,AC,2DNC,CARMICHEAL,2-15,36.733079,-97.18859,15,26N,01E,NULL
22388,3507123831,AC,2DNC,NEMAHA,7,36.598428,-97.27486,35,25N,01W,WILCOX
17837,3507123838,PA,SWD,HUBBARD-SWD                   ,1     ,0,0,2,26N,02W,NULL
22664,3507123983,AC,2DNC,ROSS SWD,1,36.608377,-97.28672,27,25N,01W,NULL
15887,3507124007,AC,2DNC,FITZGERALD,18-1,36.9027777777778,-97.2366111111111,18,28N,01E,NULL
22664,3507124014,AC,2DNC,HOBSON,1,36.605659,-97.2856,34,25N,01W,NULL
15887,3507124016,AC,2DNC,THIRSTY ONE,18-1,NULL,NULL,18,28N,01E,NULL
19169,3507124082,AC,2D,ENDICOTT,2,36.4321,-97.1234,34,25N,01W,NULL
22664,3507124151,AC,2DNC,WILSON,1,36.6714,-97.32981,29,25N,01W,NULL
23190,3507124159,AC,2DNC,NAN,1,36.97981,-96.79667,19,29N,05E,NULL
16896,3507124208,AC,2DNC,WHITLOCK-DIEHL,4,36.816317,-96.76342,16,27N,05E,BURBANK
22664,3507124230,AC,2DNC,STRECKER SWD,1,63.61531,-97.31022,28,25N,01W,NULL
15887,3507124328,AC,2DNC,JOHNS,20-1,36.89353,-97.21192,20,28N,01E,ARBUCKLE
23190,3507124367,AC,2DNC,CLINE,1-23,36.97089,-96.83383,23,29N,04E,ARBUCKLE
19351,3507124371,AC,2DNC,STATE,16-2,36.9931388888889,-97.3161944444444,16,29N,01W,NULL
22664,3507124386,AC,2DNC,DARKHORSE,1-26,36.7043,-97.37696,26,26N,02W,NULL
15887,3507124409,AC,2DNC,THIRSTY-TOO SWDW,18-2,36.9065833333333,-97.2448055555556,18,28N,01E,ARBUCKLE
12808,3507124421,AC,2DNC,PAGE SWD,1-24,0,0,24,28N,04E,ARBUCKLE
12808,3507124432,AC,2DNC,BOLING SWD,2-32,36.9551388888889,-96.8895277777778,32,29N,04E,ARBUCKLE
21813,3507124470,PA,2DNC,GRAY,19-1,36.8876111111111,-96.7988611111111,19,28N,05E,NULL
22664,3507124474,AC,2DNC,WHITE EAGLE SWD,1-26,36.6221666666667,-97.3896666666667,26,25N,02W,NULL
22388,3507124475,AC,2DNC,WHIZZER,1-18 SWD,36.8111388888889,-97.0233888888889,18,27N,03E,ARBUCKLE
22664,3507124484,AC,2DNC,BILLY SWD,1-26,36.6223611111111,-97.2800555555555,26,25N,01W,NULL
23280,3507124501,AC,2DNC,O&G REICHERS SWD,3-1,36.7543611111111,-97.1772222222222,3,26N,01E,ARBUCKLE
23280,3507124514,AC,2DNC,R-JENT SWD,3-1,0,0,3,28N,02E,ARBUCKLE
23556,3507124519,AC,2DNC,BLUBAUGH,20-D1,36.62958,-97.22319,20,25N,01E,NULL
23280,3507124534,AC,2DNC,HOFMEISTER SWD,21-1,0,0,21,26N,01E,ARBUCKLE
21466,3507124535,AC,2DNC,BLACKWELL,1-34 SWD,0,0,34,29N,02W,ARBUCKLE
22841,3507124536,AC,2DNC,HERCYK SWD,1-31,0,0,31,27N,02E,ARBUCKLE
23065,3507124541,AC,2DNC,BUFFALO,1 SWD,0,0,19,28N,02E,NULL
22664,3507124558,AC,2DNC,WHITE EAGLE SWD,1-21,0,0,21,25N,02W,ARBUCKLE
23065,3507124559,AC,2DNC,SMITH,#1 SWD,0,0,35,26N,01W,ARBUCKLE
12808,3507124564,AC,2DNC,CALES,1-4 SWD,36.85308,-96.87,4,27N,04E,NULL
21466,3507124576,AC,2DNC,ADOBE,1-10 SWD,0,0,10,27N,02W,ARBUCKLE
22664,3507124593,AC,2DNC,FOUNTAIN SWD,1-14,0,0,14,25N,02W,ARBUCKLE
22664,3507124618,AC,2DNC,COPPERHEAD SWD,1-19,36.63681,-97.23629,19,25N,01E,ARBUCKLE
22664,3507124628,AC,2DNC,OAKLAND SWD,1-11,0,0,11,25N,01W,ARBUCKLE
22664,3507124634,TM,2DNC,E. HUBBARD SWD,1-6,0,0,6,26N,01E,N/A
22664,3507124637,AC,2DNC,HIGHLAND SWD,1-26,0,0,26,26N,01W,NULL
22664,3507124646,AC,2DNC,DOOLIN SWD,1-20,0,0,20,27N,01E,NULL
22664,3507124647,AC,2DNC,TOWER SWD,1-29,36.784,-97.22069,29,27N,01E,ARBUCKLE
22664,3507124648,AC,2DNC,BRAKE SWD,1-9,0,0,9,27N,01E,ARBUCKLE
23556,3507124654,AC,2DNC,BONFY,24-D1,36.62386,-97.15147,24,25N,01E,ARBUCKLE
23200,3507124656,AC,2DCm,TONKAWA SWD,1,36.69128,-97.29497,34,26N,01W,ARBUCKLE
22558,3507124670,AC,2DNC,EASTOK-PEMBERTON,1-22 SWD,36.63639,-97.07406,22,25N,02E,ARBUCKLE
23556,3507124706,AC,2DNC,FATH,28-D1,0,0,28,25N,01E,ARBUCKLE
12808,3507124709,AC,2DNC,CARMICHAEL 23-26N-1E,1SWD,36.72314,-97.15744,23,26N,01E,ARBUCKLE
23556,3507124714,AC,2DNC,SOBER,4-D1,36.66744,-97.61753,4,25N,01E,ARBUCKLE
17342,3507124800,AC,2DNC,SNYDER SWD,1-32,0,0,32,26N,02E,ARBUCKLE
19169,3507130082,AC,2DNC,GOLTRY,1,36.602486,-97.28953,34,25N,01W,NULL
19946,3507130285,AC,2DNC,AUTWINE,1-WS,36.715851,-97.2072,21,26N,01E,NULL
20881,3507324272,PA,2D,MURPHY SWD,1-33,NULL,NULL,33,18N,09W,NULL
22113,3507324764,AC,2DNC,HLADICK,14-1 SWD,36.1166111111111,-97.7094722222222,14,19N,05W,NULL
23419,3507324811,AC,2DCm,OAK VALLEY SWD,1-26,35.9130762,-97.7060368,26,17N,05W,ARBUCKLE
16896,3507324860,AC,2DNC,DOVER UNIT HOOVER SWD,1,36.0143,-97.92464,26,18N,07W,ARBUCKLE
21639,3507324938,AC,2DNC,HELLER SWD,1,0,0,33,18N,05W,ARBUCKLE
23019,3507324957,AC,2DNC,VADDER,1-9X SWD,36.04416,-97.74672,9,18N,05W,ARBUCKLE
23019,3507324980,AC,2DCm,POLLARD,1-35 SWD,35.99974,-97.70422,35,18N,05W,ARBUCKLE
10329,3507520820,PA,SWD,BRAZIL  EDB                   ,1     ,NULL,NULL,34,07N,17W,NULL
14570,3507520893,AC,2DNC,WOOTEN,3,35.04478,-98.99156,28,07N,17W,NULL
14570,3507520960,AC,2DNC,FUNKHOUSER,A-6,35.05612,-99.0066,28,07N,17W,NULL
22083,3508101441,AC,2DCm,SANDERS,3-SWD,35.93033,-96.65886,22,17N,06E,NULL
22691,3508101877,AC,2DNC,ASHTON,2,35.715979,-96.97219,3,14N,03E,NULL
20678,3508104442,AC,2DNC,GRACE,4,35.7123333333333,-96.8165,6,14N,05E,NULL
20756,3508121324,AC,2DNC,MARBET,28,35.8853888888889,-97.1355277777778,6,16N,02E,NULL
20795,3508122309,AC,2DCm,A.N. TERRY,1,35.6958888888889,-96.6634722222222,9,14N,06E,NULL
12072,3508123019,AC,2DNC,JONES/COUNCIL,1,35.762262,-96.91333,19,15N,04E,NULL
20976,3508123103,AC,2DNC,LOUISE,1,35.7690833333333,-96.9441388888889,13,15N,03E,NULL
20976,3508123142,AC,2DNC,MVN,1,35.80665,-96.95054,2,15N,03E,NULL
20976,3508123202,TM,SWD,GOODBARY-                     ,4-SWDW,35.79675,-96.9638888888889,2,15N,03E,NULL
22671,3508123291,AC,2DNC,WEST CARNEY SWDW,1,NULL,NULL,31,16N,03E,NULL
20678,3508123344,AC,2DNC,BUCK,1,NULL,NULL,29,16N,03E,MISSISSIPPI
17837,3508123398,TM,SWD,WEST CARNEY                   ,3     ,35.802899,-97.03715,1,15N,02E,NULL
12808,3508123432,AC,2DNC,MARBLE,2,35.7736388888889,-97.1078611111111,17,15N,02E,NULL
12808,3508123433,AC,2DNC,KAREN,1,NULL,NULL,34,16N,02E,NULL
22671,3508123435,TM,SWD,WEST CARNEY SWD               ,4     ,35.7903888888889,-97.0326388888889,7,15N,03E,NULL
20678,3508123459,AC,2DNC,CARNEY,1,35.79975,-97.0139722222222,5,15N,03E,NULL
12808,3508123471,TM,SWD,MARBLE-SWD                    ,3     ,35.7954166666667,-97.1231666666667,8,15N,02E,NULL
23610,3508123495,AC,2DNC,PEARL SWDW,1,35.7806111111111,-97.0781944444444,15,15N,02E,NULL
20585,3508123499,AC,2DNC,WILZETTA,1 SWD,35.558,-96.7383,35,13N,05E,NULL
12808,3508123502,TM,SWD,MCCORKLE                      ,1     ,35.7653333333333,-97.11925,20,15N,02E,MISENER-HUNTON
20585,3508123561,TM,SWD,MAZKOORI                      ,1     ,35.5414166666667,-96.7508611111111,2,12N,05E,MISENER-HUNTON
23610,3508123577,AC,2DNC,RANCH SWDW,1,35.805097,-97.07936,3,15N,02E,NULL
22671,3508123595,AC,2DNC,TWIN CITIES,1,35.7103888888889,-96.7945833333333,5,14N,05E,NULL
22671,3508123621,AC,2DNC,TWIN CITIES,2,35.6670555555556,-96.7767777777778,21,14N,05E,NULL
12808,3508123631,AC,2DNC,JEFFREY HORTON,1,35.7992777777778,-97.1391944444445,6,15N,02E,NULL
11938,3508123640,AC,2DNC,FAGAN,1,35.7179444444444,-97.1157777777778,5,14N,02E,NULL
20923,3508123655,AC,2DNC,VINCO,1,0,0,25,17N,02E,ARBUCKLE
20995,3508123680,AC,2DNC,MERICK,19-W-1,35.841688,-97.1399,19,16N,02E,NULL
22671,3508123681,AC,2DNC,MELSON,1-23,35.6692777777778,-96.8573333333333,23,14N,04E,NULL
23610,3508123707,AC,2DNC,CHANDLER,1,35.7227222222222,-97.0013888888889,5,14N,03E,NULL
22671,3508123725,TM,2DCm,NPG SWDW,1-11,35.875841,-97.0538,11,16N,02E,NULL
19626,3508123734,AC,2DNC,THREATT,18-3,35.6866,-97.1408,18,14N,02E,NULL
22182,3508123785,AC,2DNC,GROUTCHY,1-22,35.85214,-97.07342,22,16N,02E,NULL
22671,3508123786,AC,2DNC,TWIN CITIES NORTH,1-24,35.7543611111111,-96.8401944444444,24,15N,04E,NULL
20836,3508123802,AC,2DCm,MANY DRINKS                   ,1 SWD ,NULL,NULL,30,14N,06E,NULL
21689,3508123832,AC,2DNC,SUNDOWN,1,35.6555833333333,-96.9858055555556,28,14N,03E,NULL
22671,3508123837,AC,2DNC,CD,1,35.7692777777778,-96.9295277777778,13,15N,03E,NULL
23079,3508123845,AC,2DNC,EAST WELLSTON,1,35.6215833333333,-97.0163888888889,8,13N,03E,NULL
23079,3508123857,AC,2DNC,CHASE,1,NULL,NULL,23,15N,03E,NULL
20585,3508123875,AC,2DNC,CORAL SWD,1-26,NULL,NULL,26,12N,06E,NULL
23079,3508123879,AC,2DNC,RED ROCK,1,NULL,NULL,2,15N,03E,NULL
22671,3508123894,AC,2DNC,CD,2,NULL,NULL,15,15N,04E,NULL
20585,3508123907,AC,2DNC,B. SMITH,31,NULL,NULL,31,14N,02E,NULL
23079,3508123909,AC,2DNC,HAZEL,1,NULL,NULL,3,14N,03E,NULL
23079,3508123923,AC,2DNC,CHUCKAHO,1,NULL,NULL,20,14N,03E,NULL
23079,3508123947,AC,2DNC,FIRE,1,NULL,NULL,32,15N,04E,NULL
22671,3508123975,AC,2DNC,TWIN CITIES,3,NULL,NULL,15,14N,04E,NULL
22388,3508124016,AC,2DNC,OCTAGON SWD,1-35,NULL,NULL,35,15N,02E,NULL
22671,3508124029,AC,2DNC,TWIN CITIES NORTH SWD,2,0,0,17,15N,05E,ARBUCKLE
20585,3508124052,AC,2DNC,PEYTON SWD,1-15,0,0,15,13N,02E,ARBUCKLE
22644,3508124092,AC,2DNC,MONTCLAIR SWD,1,0,0,10,13N,05E,ARBUCKLE
21905,3508124103,AC,2DCm,SUN SWD,1,35.921176,-96.9618733,26,17N,03E,ARBUCKLE
23036,3508124127,AC,2DNC,DONALDSON,1-21 SWD,35.94103,-96.66126,21,17N,06E,ARBUCKLE
22165,3508124132,AC,2DNC,WILDHORSE SWDW,1,36.41648914,-96.9951138,31,17N,05E,ARBUCKLE
18920,3508124143,AC,2DNC,CALHOUN,31-1 SWD,35.477222,-96.928589,31,12N,04E,ARBUCKLE
23358,3508124148,AC,2DNC,CLAY,21-1SWD,35.928333,-96.874722,21,17N,04E,ARBUCKLE
18920,3508124191,AC,2DNC,JT,1-25,0,0,25,12N,03E,ARBUCKLE
18920,3508124196,AC,2DNC,GRINNELL,1-30,0,0,30,12N,05E,ARBUCKLE
22282,3508322449,PA,2D,ROBERTSON,1,35.89861,-97.21896,5,16N,01E,NULL
12897,3508322776,AC,2DNC,E.G. SHARP,5,36.162534,-97.40696,34,20N,02W,NULL
19426,3508322848,PA,SWD,ICONIUM N W                   ,     1,NULL,NULL,4,16N,01E,NULL
23030,3508323421,AC,2DCm,MORRISETT,SWD,NULL,NULL,30,17N,03W,NULL
22671,3508323426,AC,2DNC,GOODNIGHT SWD,1,35.927804,-97.14342,24,17N,01E,NULL
20621,3508323447,PA,SWD,ELDER SWD                     ,1     ,35.806434,-97.14494,1,15N,01E,NULL
22671,3508323451,AC,2DNC,GOODNIGHT,2 SWD,35.905187,-97.17573,35,17N,01E,NULL
12808,3508323458,AC,2DNC,ICONIUM SWD,1,35.841875,-97.19169,22,16N,01E,NULL
12808,3508323468,AC,2DNC,TAYLOR,1,35.854114,-97.18223,22,16N,01E,HUNTON
17837,3508323476,PA,SWD,BLACK                         ,1-A   ,NULL,NULL,3,16N,01E,NULL
22671,3508323492,AC,2DNC,GOODNIGHT SWD,3,35.898531,-97.1878,3,16N,01E,NULL
23610,3508323524,AC,2DNC,WEST CARNEY EXTENSION,1,35.77653,-97.16378,14,15N,01E,NULL
20621,3508323545,AC,2DNC,HOLT,1,35.800134,-97.16275,2,15N,01E,NULL
22671,3508323586,AC,2DNC,GOODNIGHT SWDW,4,35.926037,-97.16682,26,17N,01E,NULL
20621,3508323589,AC,2DNC,MERIDIAN SWD,1,35.852833,-97.21617,20,16N,01E,NULL
12808,3508323592,AC,2DNC,PAN GALACTIC GARGLE BLASTER,1-35,35.737134,-97.16108,35,15N,01E,NULL
20621,3508323632,PA,2D,ATLAS,1,35.796631,-97.22062,8,15N,01E,NULL
23610,3508323634,AC,2DNC,WEST CARNEY EXTENSION,2,35.79454,-97.1932,10,15N,01E,NULL
23610,3508323649,AC,2DNC,BALLSIE BLAIR,1,35.749414,-97.18556,27,15N,01E,HUNTON
12808,3508323652,AC,2DNC,N.LUTHER,1-4,35.805658,-97.19836,4,15N,01E,NULL
12808,3508323695,PA,2D,GENZER,1,35.733098,-97.1761,34,15N,01E,NULL
22671,3508323704,AC,2DNC,GOODNIGHT,5,35.913431,-97.19578,28,17N,01E,NULL
20621,3508323772,AC,2DNC,ANDERSON,1,35.854797,-97.31634,21,16N,01W,NULL
22433,3508323910,AC,2DCm,SAFAIR,1-28,35.913622,-97.62472,28,17N,04W,NULL
22501,3508323943,AC,2DCm,LIBERTY,2-18,35.86575,-97.5556,18,16N,03W,"1ST WILCOX ""A"""
20751,3508323957,AC,2DNC,FRANK SWD,1-33,36.0785277777778,-97.4153388888889,33,19N,02W,NULL
20751,3508323968,AC,2DNC,WILMA SWD,1-16,0,0,16,19N,02W,NULL
23535,3508323978,AC,2DNC,KRITTENBRINK,1-36 SWD,36.07341,-97.58401,36,19N,04W,ARBUCKLE
20751,3508323988,AC,2DNC,ADKISSON,1-33SWD,0,0,33,19N,03W,ARBUCKLE
20751,3508323993,AC,2DNC,WOODARD,1-33 SWD,35.99958,-97.31149,33,18N,01W,ARBUCKLE
23535,3508323995,AC,2DNC,DAVIS FARMS,1-5 SWD,35.88629,-97.54767,5,16N,03W,ARBUCKLE
20751,3508323996,AC,2DNC,HOPFER,1-20 SWD,0,0,20,18N,03W,NULL
23535,3508323999,AC,2DNC,CAT IN THE HAT,2-19 SWD,36.0286,-97.55586,19,18N,03W,ARBUCKLE
22918,3508324008,AC,2DNC,BROWN TRUST,19-3-17-1 SWD,36.128415,-97.53318,17,19N,03W,ARBUCKLE
19792,3508324009,AC,2DNC,OTTER SWD,1-4,35.14576,-97.5175,4,19N,03W,NULL
22918,3508324011,AC,2DNC,BRANSON 17-4-23,1 SWD,35.928047,-97.600388,23,17N,04W,ARBUCKLE
17313,3508324025,AC,2DNC,FUXA,1-15 SWD,0,0,15,19N,04W,NULL
22918,3508324026,AC,2DNC,ROTHER 16-4-11,1 SWD,0,0,11,16N,04W,NULL
23535,3508324030,AC,2DNC,CHAMBERS,1-8 SWD,35.97053,-97.53468,8,17N,03W,ARBUCKLE
20751,3508324032,AC,2DNC,HARVEY,1-11 SWD,35.78601,-97.38716,11,15N,02W,NULL
20751,3508324069,AC,2DNC,ELAINE 10-18N-2W,1SWD,35.04384,-97.399726,10,18N,02W,ARBUCKLE
22918,3508324160,AC,2DNC,BERG TRUST 16-3-23,1 SWD,0,0,23,16N,03W,ARBUCKLE
23535,3508324185,AC,2DNC,FUXA,1-15SWD,0,0,15,19N,04W,ARBUCKLE
23098,3508324290,AC,2DNC,CAREY,1-30SWD,35.926667,-97.443831,30,17N,02W,ARBUCKLE
20751,3508324300,AC,2DNC,LEMMONS 14-19N-3W,1SWD,0,0,14,19N,03W,ARBUCKLE
23006,3508521171,AC,2DCm,LCD,1,0,0,13,06S,01E,NULL
22756,3508720963,AC,2DNC,MARION,1-15,NULL,NULL,15,07N,03W,NULL
20836,3508721656,PA,SWD,CALDWELL                      ,1 SWD ,NULL,NULL,16,05N,03E,NULL
5934,3508735147,PA,SWD,COATES                        ,A #2  ,NULL,NULL,21,05N,03E,NULL
22461,3509121385,AC,2DCm,RUBY TATE,1-12,35.2648661,-95.8901882,12,09N,13E,NULL
20994,3509121427,AC,2DNC,LANDMARK,1,35.301607,-95.6758,36,10N,15E,NULL
22700,3509121779,AC,2DCm,GS&T SWD,1,35.423056,-95.550361,18,11N,17E,NULL
21164,3509129129,PA,SWD,WELLS                         ,2-4   ,NULL,NULL,4,08N,13E,NULL
21455,3509321030,AC,2DCm,RING,3-7,36.404015,-98.41048,7,22N,11W,NULL
22190,3509323212,AC,2DCm,BOUSE,1A-9,36.402872,-98.80325,9,22N,15W,NULL
3186,3509323734,AC,2DNC,DOROTHY,1-20,36.281176,-98.19227,20,21N,09W,NULL
17713,3509323810,AC,2DNC,UVAH,1-17,36.297493,-98.18276,17,21N,09W,ARBUCKLE
19191,3509323841,AC,2DNC,LAUBHANS,2,36.236237,-98.16607,4,20N,09W,ARBUCKLE
16896,3509324982,AC,2DNC,MENO SWD,5,0,0,5,22N,09W,ARBUCKLE
14490,3509500742,AC,2DNC,DILLEY,6,34.0718611111111,-96.7028333333333,32,05S,06E,NULL
22094,3509721695,PA,2DNC,RDFK,1-3,NULL,NULL,3,20N,18E,NULL
22708,3509920071,AC,2DNC,NE DAVIS UNIT,4-6,NULL,NULL,15,01N,02E,NULL
13189,3509920501,PA,2DNC,LASH,2,NULL,NULL,19,01N,02E,NULL
21102,3509920570,AC,2DNC,C.W. PURTLE,5,NULL,NULL,23,01N,02E,NULL
17713,3510122814,AC,2DCm,J.M.,1-36,35.553037,-95.55927,36,13N,16E,NULL
21696,3510122889,AC,2DCm,JORDAN MAE SWD,1-28,0,0,28,12N,20E,NULL
17441,3510300893,AC,2DNC,HARDROW,1,36.468956,-97.39692,15,23N,02W,NULL
17441,3510300897,AC,2DNC,YOST,1-15,36.471675,-97.3958,15,23N,02W,NULL
15510,3510301096,PA,2DNC,STATE                         ,1-D   ,NULL,NULL,16,24N,01W,NULL
21301,3510320393,TM,SWD,BLUEBAUGH                     , P-W-1,36.585061,-97.27596,2,24N,01W,NULL
17441,3510321123,AC,2DNC,DONOVAN YOST,1-15,NULL,NULL,15,23N,02W,NULL
2193,3510322096,AC,2DNC,RUTH,1,36.460798,-97.40028,22,23N,02W,NULL
8693,3510322712,AC,2DNC,BRUMFIELD,1B,36.54321,-97.12345,22,23N,02W,NULL
22550,3510322731,AC,2DNC,HENN,5,36.176451,-97.4313,29,20N,02W,1ST WILCOX
20333,3510323060,TM,2D,JACK,1,36.319872,-97.37786,2,21N,02W,NULL
17441,3510323658,AC,2DNC,GERKEN,1-21,36.453524,-97.41821,21,23N,02W,NULL
17441,3510323835,AC,2DNC,O'NEIL,1-16,36.46757,-97.4154,16,23N,02W,NULL
22664,3510323882,AC,2DNC,JAMES DAVIS,1,36.591859,-97.26753,2,24N,01W,NULL
22388,3510323912,AC,2DNC,TRUEBLOOD,1-2,36.591859,-97.27202,2,24N,01W,NULL
21301,3510323933,AC,2DNC,KODESH,1-3,36.585511,-97.28377,3,24N,01W,NULL
17441,3510323976,AC,2DNC,SARA YOST,7-22,NULL,NULL,22,23N,02W,NULL
22664,3510324118,AC,2DNC,LINNAEUS,1,NULL,NULL,3,24N,01W,NULL
22664,3510324178,AC,2DNC,KANDI SUE SWD,1,36.55695,-97.29051,15,24N,01W,NULL
21690,3510324269,AC,2DNC,ALLEN,4,0,0,31,24N,01W,ARBUCKLE
22388,3510324274,AC,2DNC,CAGE SWD,1-17,36.4642222222222,-95.40775,17,23N,02E,ARBUCKLE
22558,3510324277,AC,2DCm,EASTOK,1-24,36.206111,-97.142028,24,20N,01E,ARBUCKLE
4999,3510324285,AC,2DNC,MAT SWD,1-36,36.5211111111111,-97.0395555555556,36,24N,02E,ARBUCKLE
16896,3510324300,AC,2DNC,SUPLEX SWD,1-19,36.362417,-97.23713,19,22N,01E,ARBUCKLE
20751,3510324314,AC,2DNC,HICKS,1-21 SWD,0,0,21,20N,01W,ARBUCKLE
20751,3510324315,AC,2DNC,SINGLETON SWD,1-35,36.172861,-97.373944,35,20N,02W,ARBUCKLE
22664,3510324317,AC,2DNC,MARLAND SWD,1-19,0,0,19,24N,01E,NULL
19848,3510324337,AC,2DNC,WILL,1-28 SWD,36.21158,-97.0609,28,22N,02E,ARBUCKLE
19848,3510324339,AC,2DNC,GEORGE,1-23 SWD,36.2761152,-97.066525545,23,21N,02E,ARBUCKLE
19848,3510324349,AC,2DNC,CARTER,1-5SWD,36.3327126,-96.997119183,5,21N,03E,ARBUCKLE
22281,3510324351,AC,2DNC,COUNTY LINE SWD,2-2,36.5929,-97.38219,2,24N,02W,NULL
20751,3510324361,AC,2DNC,BONTRAGER,1-21X SWD,0,0,21,21N,01E,ARBUCKLE
22664,3510324364,AC,2DNC,DAKOTA SWD,1-9,0,0,9,24N,02W,ARBUCKLE
22388,3510324365,AC,2DNC,REAR NAKED CHOKE,1-17 SWD,0,0,17,24N,01W,ARBUCKLE
22388,3510324375,AC,2DNC,PRUCHA,1-23 SWD,36.46292,-97.27631,23,23N,01W,NULL
22678,3510324378,AC,2DCm,HEPPLER,8-1 SWD,36.231003857,-97.225400457,8,20N,01E,ARBUCKLE
22388,3510324390,AC,2DNC,TRIANGLE,1-23 SWD,0,0,23,24N,01E,ARBUCKLE
4999,3510324424,AC,2DNC,KAW LAND & CATTLE,1-8 SWD,36.566438,-97.0074393,8,24N,03E,ARBUCKLE
22664,3510324429,AC,2DNC,YEARLING SWD,1-33,0,0,33,24N,02W,ARBUCKLE
4999,3510324435,AC,2DNC,RED ROCK RANCH,1-18 SWD,36.56135,-97.90705,18,24N,04E,ARBUCKLE
22558,3510324448,AC,2DCm,EASTOK-STEICHEN,1-10 SWD,0,0,10,22N,01W,ARBUCKLE
20751,3510324450,AC,2DNC,VOISE,1-10 SWD,36.31805,-97.07092,10,21N,02E,NULL
22558,3510324455,AC,2DNC,EASTOK-RUARK,1-29 SWD,36.174361,-97.229278,29,20N,01E,ARBUCKLE
23019,3510324488,AC,2DNC,BRORSEN,1-10 SWD,0,0,10,22N,01E,ARBUCKLE
22558,3510324497,AC,2DNC,EASTOK-CABERNET,1-35 SWD,0,0,35,20N,01E,ARBUCKLE
20751,3510324539,AC,2DNC,BUFFINGTON 29-22N-1E,1SWD,36.35007,-97.22224,29,22N,01E,ARBUCKLE
23019,3510324542,AC,2DNC,HARTSUCK SWD,1-9,36.21774,-97.31665,9,20N,01W,ARBUCKLE
20751,3510324610,AC,2DNC,WOSMEK 23-20N-1W,1SWD,0,0,23,20N,01W,ARBUCKLE
20751,3510324630,AC,2DNC,BIG IRON 4-21N-1E,1SWD,36.31956,-97.20998,4,21N,01E,ARBUCKLE
20751,3510324639,AC,2DNC,WISEMAN 36-21N-1E,1 SWD,36.25998,-97.15629,36,21N,01E,ARBUCKLE
22193,3510504536,AC,2DNC,DOENGES,1,36.801392,-95.80652,22,27N,14E,NULL
21976,3510506964,AC,2DNC,HORST,WS-1,36.9313888888889,-95.7065,4,28N,15E,NULL
21976,3510507347,AC,2DNC,HILL (AKA ZIBELL ARBUCKLE),6,36.9442222222222,-95.6970555555556,32,29N,15E,NULL
21754,3510507850,AC,2DNC,GALLERY-BLANTON,4R,36.9355967,-95.7299251,5,28N,15E,NULL
13989,3510507852,AC,2DNC,ALBERT TANNER,S-1,36.775162,-95.56204,35,27N,16E,NULL
20857,3510507938,AC,2DNC,NOYES,2 WD,36.9427777777778,-95.6823055555556,33,29N,15E,NULL
22469,3510507946,AC,2DNC,HILL B WSW,1,36.9379166666667,-95.6988055555556,3,28N,15E,NULL
21838,3510522330,AC,2DNC,RSWD,31-17,36.8286111111111,-95.5103055555556,17,27N,17E,NULL
20347,3510522341,AC,2DNC,BLUE RIBBON,3-6,36.854,-95.7932222222222,3,27N,14E,NULL
21838,3510522445,TM,2D,RSWD,34-16,36.8179166666667,-95.4928888888889,16,27N,17E,NULL
21838,3510522446,TM,SWD,RSWD,12-21,36.8079166666667,-95.5011666666667,21,27N,17E,NULL
21570,3510522585,AC,2DNC,OPAL BROWN,1,36.612911,-95.77043,25,25N,14E,NULL
21509,3510523210,AC,2DNC,LUCAS,A-12,36.9318333333333,-95.6531388888889,1,28N,15E,NULL
10576,3510523412,AC,2DCm,ROSE GARDEN SWD,D-1,36.7104722222222,-95.6918611111111,27,26N,15E,NULL
20857,3510523457,AC,2DNC,MARSHALL B,32,NULL,NULL,32,25N,16E,NULL
23058,3510524086,TM,2DNC,RHODES                        ,    20,36.734409,-95.68033,14,26N,15E,NULL
21509,3510524099,AC,2DNC,O'NEIL (DREWS),3-A,NULL,NULL,16,28N,16E,NULL
20857,3510524473,AC,2DNC,PAINTER,I-106,36.8305555555556,-95.7973055555556,10,27N,14E,NULL
21509,3510524849,AC,2DNC,GLASS,7-A,36.9116388888889,-95.6742777777778,14,28N,15E,NULL
22193,3510525065,AC,2DNC,YIRSA,CTA #1,36.643689,-95.79299,15,25N,14E,NULL
22193,3510525558,TM,SWD,BARTLETT                      ,3-A   ,NULL,NULL,34,26N,14E,NULL
22722,3510526156,AC,2DNC,RUTH I. HACKATHORN,6,36.9124444444444,-95.5830277777778,15,28N,16E,NULL
20347,3510526711,AC,2DNC,MARTIN-BLUE RIBBON,27-D,36.8775555555556,-95.8064444444444,27,28N,14E,NULL
12232,3510527044,AC,2DNC,LOWERY,5,NULL,NULL,23,29N,15E,NULL
13989,3510527458,AC,2DNC,M F CANADA,D-I,36.8000833333333,-95.6369444444445,30,27N,16E,NULL
13989,3510527951,AC,2DNC,WAITE,1,NULL,NULL,29,27N,16E,NULL
15476,3510527970,TM,SWD,KELLY                         ,11    ,36.9611944444444,-95.4105,25,29N,17E,NULL
21367,3510527971,AC,2DCm,TOTAL SERVICE,WD-1,36.4247,-95.3751,30,26N,16E,NULL
15743,3510528697,AC,2DNC,RUNNIN F NORTH,SWD,36.7992088,-95.6178082,29,27N,16E,NULL
22193,3510529214,AC,2DNC,LORIAUX,10,36.626015,-95.80704,27,25N,14E,NULL
22422,3510529281,AC,2DNC,ENVIROTEK SWD,1,36.705,-95.7281111111111,29,26N,15E,NULL
21569,3510529357,AC,2DNC,STOCKTON,T-4,36.696749,-95.75638,36,26N,14E,NULL
21509,3510529435,AC,2DNC,WEBSTER,6-A,36.8592222222222,-95.6645277777778,36,28N,15E,NULL
21976,3510529473,AC,2DNC,STAR K,3D-1,36.657337,-95.75354,7,25N,15E,NULL
21509,3510529498,AC,2DNC,JORDAN,11-1,36.8378333333333,-95.68325,11,27N,15E,NULL
21509,3510529524,AC,2DNC,BRINKMAN,7-3,36.8432777777778,-95.6469444444445,7,27N,16E,NULL
21509,3510529537,AC,2DNC,REITZ,24-1,36.8892222222222,-95.6591111111111,24,28N,15E,NULL
20751,3510529681,PA,SWD,JARBOE RANCH                  ,5-8   ,NULL,NULL,5,27N,15E,NULL
20857,3510529695,AC,2DNC,DCCU-C219,1,36.8146,-95.73047,20,27N,15E,NULL
20347,3510529777,AC,2DNC,BLUE RIBBON,19-1,36.8892777777778,-95.7398611111111,19,28N,15E,NULL
21509,3510529786,AC,2DNC,MANGELS,24-2,36.8978611111111,-95.5468611111111,24,28N,16E,NULL
21509,3510529868,AC,2DNC,WILLIAMS,5-1,36.8553333333333,-95.732,5,27N,15E,NULL
21509,3510529931,AC,2DNC,DOUGLAS,2-1,36.8512222222222,-95.5668888888889,2,27N,16E,NULL
22193,3510529964,AC,2DNC,LISTON C,60,36.6994166666667,-95.8058888888889,27,26N,14E,NULL
22193,3510529994,AC,2DNC,DOENGES RANCH,60,36.7575277777778,-95.7961944444444,3,26N,14E,NULL
22193,3510540113,AC,2DNC,SMOKERISE RANCH,88,36.599332,-95.74453,31,25N,15E,NULL
8238,3510540159,AC,2DNC,GLASS TRUST,12,NULL,NULL,24,26N,16E,NULL
22193,3510540184,AC,2DNC,BERENTZ-BLISS,60,36.7291388888889,-95.6645555555556,13,26N,15E,NULL
21976,3510540289,AC,2DNC,COYLE,1,36.9440833333333,-95.6520555555556,35,29N,15E,NULL
20857,3510540297,AC,2DNC,BAIRD,1,36.7661111111111,-95.7727222222222,1,26N,14E,NULL
22193,3510540302,AC,2DNC,SMOKERISE RANCH,160,NULL,NULL,35,25N,14E,NULL
21838,3510540414,AC,2DNC,T. STEWART,23-18,NULL,NULL,18,27N,17E,NULL
17211,3510540425,TM,2D,HIGH PLAINS WELL SERVICE,27-4,NULL,NULL,27,26N,15E,NULL
21838,3510540438,AC,2DNC,BIG CREEK,R 34-1,NULL,NULL,10,27N,17E,NULL
21509,3510540511,AC,2DNC,"WALKER, DELORIS ANN",35-1,NULL,NULL,35,29N,17E,NULL
22193,3510540586,AC,2DNC,TAYLOR,SWD 60,NULL,NULL,11,25N,14E,NULL
21838,3510540613,AC,2DNC,ADCOCK SWD,42-22,NULL,NULL,22,28N,17E,NULL
21509,3510540886,AC,2DNC,ZACHERY J. O'BRIEN SWD,1-16,0,0,16,29N,17E,ARBUCKLE
22945,3510540944,AC,2DNC,SPURGEON,W1A,0,0,18,26N,15E,NULL
21569,3510540991,AC,2DNC,D. TOPPING,50,0,0,15,25N,14E,NULL
1885,3510575351,PA,SWD,MYERS                         ,1SWD  ,NULL,NULL,34,26N,17E,NULL
15085,3510700364,AC,2DCm,LOWERY,1 SWD,35.426977,-96.32518,14,11N,09E,NULL
11199,3510704405,PA,SWD,MC COY                        ,15    ,NULL,NULL,33,12N,11E,NULL
21164,3510722091,AC,2DNC,HODGES,5-20,35.408827,-96.38058,20,11N,09E,NULL
19798,3510722822,AC,2DNC,GIBSON,1-7,35.6198333333333,-96.2980277777778,7,13N,10E,NULL
23197,3510723092,AC,2DNC,PATAGONIA,1,35.44175,-96.43353,11,11N,08E,NULL
20585,3510723093,AC,2DNC,PARADISE,1,35.5357,-96.42713,11,12N,08E,NULL
20678,3510723103,AC,2DNC,COUNTY LINE,1,35.553662,-96.60761,31,13N,07E,NULL
20585,3510723129,AC,2DNC,LANDERS,1-6,35.454416,-96.289027,6,11N,10E,NULL
20585,3510723280,AC,2DNC,PARADOX,1,35.42071,-96.61051,18,11N,07E,NULL
22988,3510723352,AC,2DNC,JEANA,1,35.42481,-96.14861,16,11N,11E,NULL
23221,3510723360,AC,2DCm,OKEMAH SWD,1,35.49247,-96.24503,27,12N,10E,NULL
21164,3510723375,AC,2DNC,MONTGOMERY SWD,1-35,35.4778213,-96.3340225,35,12N,09E,NULL
21164,3510723376,AC,2DNC,STEFFEN SWD,1-5,35.36347,-96.37092,5,10N,09E,2ND WILCOX
20711,3510723408,AC,2DNC,AURORA                        ,10-2  ,35.61533,-96.24275,10,13N,10E,ARBUCKLE
21164,3510723422,AC,2DNC,WALKER BROS SWD,1-27,35.39211,-96.24564,27,11N,10E,NULL
20585,3510723456,AC,2DNC,MARLOW SWD,1-14,35.52139,-96.53025,14,12N,07E,ARBUCKLE
4183,3510723512,AC,2DNC,"DODSON ""A""",35-11C,0,0,35,11N,09E,ARBUCKLE
23009,3510723524,AC,2DNC,WILLIAMSON,1 SWDW,35.30542109,96.0976301,25,10N,11E,ARBUCKLE
23530,3510723537,AC,2DNC,HOFFMAN,1-6,0,0,6,12N,09E,ARBUCKLE
8891,3510920077,AC,2DNC,WALNUT GROVE ,D-2,35.468019,-97.49893,34,12N,03W,NULL
22699,3510920163,AC,2DNC,OLD HADSON OHIO WALKER,1,35.71901,-97.2948,3,14N,01W,NULL
20814,3510920193,AC,2DNC,MCGREW,1-A,35.582762,-97.54405,20,13N,03W,NULL
20585,3510921577,AC,2DNC,LUTHER,2,35.67943,-97.19595,21,14N,01E,NULL
22699,3510921994,AC,2DNC,MCCOON,3,35.722024,-97.28948,3,14N,01W,NULL
4437,3510922126,AC,2DNC,C.J. JUDY,1,35.714781,-97.42428,4,14N,02W,NULL
20585,3510922128,AC,2DNC,DEEP THROAT,1,35.40385,-97.439,29,11N,02W,NULL
20585,3510922170,AC,2DNC,SWEETHEART,1,35.40451,-97.43882,29,11N,02W,NULL
12808,3510922171,AC,2DNC,SHARON,1,35.71793,-97.17739,3,14N,01E,NULL
20585,3510922259,AC,2DNC,CHAMBERS,1,35.43318,-97.45182,18,11N,02W,NULL
20585,3510922261,AC,2DNC,FLOWER POWER,1,35.4041666666667,-97.5961111111111,29,11N,02W,NULL
8891,3510922280,AC,2DNC,MARY UNSELL,7,35.4139,-97.4868,23,11N,03W,NULL
23328,3510922282,AC,2DNC,TOBIN SWD,1,0,0,13,12N,01E,NULL
23199,3510922298,AC,2DNC,O'BRIEN SEC9 SWD (TR 188),1,35.70914,-97.63644,9,14N,04W,NULL
17195,3510922303,AC,2DNC,CARLSON SWD                   ,1-20  ,35.495969,-97.640242,20,12N,04W,NULL
17195,3510922305,AC,2DNC,COMMANDER SWD                 ,2-17  ,35.52146,-97.63879,17,12N,04W,NULL
20585,3510922351,AC,2DNC,WISHON SWD,1,35.65329,-97.2481,25,14N,01W,NULL
23234,3510922387,AC,2DCm,DAHL SWD FACILITY,1,35.64314,-97.555,31,14N,03W,NULL
8891,3510935453,AC,2DCm,HEMMER,2,35.4402,-97.4937,11,11N,03W,NULL
8891,3510935633,PA,SWD,WALNUT ,1,35.46074,-97.50273,3,11N,03W,NULL
20111,3510935998,AC,2DCm,BRADY - TELLIER,1,35.502033,-97.48841,23,12N,03W,NULL
9012,3510937036,PA,SWD,WERNER-FARLEY                 ,     4,NULL,NULL,23,11N,03W,NULL
20111,3510937654,AC,2DCm,PESTHOUSE,1-1,35.458082,-97.47621,1,11N,03W,NULL
19087,3510937682,AC,2DCm,BAKER-TOWNSEND (NO MIT NEEDED),6,35.461256,-97.474,1,11N,03W,NULL
22628,3510938643,PA,2D,C.B. OB'BRIEN,1,35.708606,-97.63559,9,14N,04W,NULL
12358,3511107720,AC,2DNC,HOSKINS,1,35.836738,-96.02751,27,16N,12E,NULL
18214,3511110542,AC,2DNC,TEXAS FEE #2 NCT-1,20,35.703422,-96.11633,11,14N,11E,NULL
16331,3511122510,AC,2DCm,OSAGE TERM.,1,35.609124,-95.85423,17,13N,14E,NULL
21842,3511126980,AC,2DNC,J.J.R.,18,35.490509,-95.85629,29,12N,14E,TYNER
13961,3511127015,TM,2D,EWELL,1-B,35.669862,-96.12409,22,14N,11E,NULL
22193,3511127056,AC,2DNC,BROWN,66,35.836207,-95.84593,29,16N,14E,NULL
17501,3511127368,AC,2DNC,CASEY LYNN,1-30,0,0,30,15N,11E,NULL
23566,3511127474,AC,2DNC,KLIMEK,10-1,35.5221281,-96.0200051,10,12N,12E,ARBUCKLE
21466,3511700179,AC,2DNC,TRIGG (DONAHOE #1),2,36.429981,-96.97832,34,23N,03E,NULL
22388,3511701087,AC,2DNC,OLDHAM,6,36.449992,-96.94023,24,23N,03E,NULL
12808,3511704379,AC,2DNC,PEPPER CREEK,1SWD,NULL,NULL,22,21N,04E,NULL
19672,3511720285,AC,2DNC,RAMBO,1,36.1663611111111,-96.40175,36,20N,08E,NULL
17221,3511720341,AC,2DNC,HAMILTON,15,36.200581,-96.39931,24,20N,08E,NULL
17221,3511720441,AC,2DNC,HORINE C,C-1,36.2525833333333,-96.4923055555556,31,21N,08E,NULL
21423,3511720447,AC,2DNC,BYERS,4A,36.2425,-96.5112222222222,1,20N,07E,NULL
15266,3511720621,AC,2DNC,GLASS/REED,1-C,36.240523,-96.43508,3,20N,08E,NULL
23082,3511720838,AC,2DCm,CARNES FEE,12A,36.289942,-96.4669,17,21N,08E,NULL
879,3511721021,PA,SWD,GADDIS                        ,04    ,36.2458611111111,-96.5603888888889,4,20N,07E,NULL
12451,3511722193,PA,SWD,MCALISTER                     , 12-1D,NULL,NULL,12,22N,04E,NULL
12451,3511722524,AC,2DNC,FERGUSON,34-1D,36.428347,-96.85507,34,23N,04E,NULL
12451,3511722527,PA,SWD,SAWYER JERRY                  ,   9-3,NULL,NULL,9,22N,04E,NULL
12813,3511722551,PA,SWD,WINDY                         ,D-1   ,NULL,NULL,22,22N,04E,NULL
12451,3511722558,AC,2DNC,CARTMELL,15-1D,36.381214,-96.85507,15,22N,04E,NULL
21321,3511722565,AC,2DNC,LINDA,1-A,36.415677,-96.83715,2,22N,04E,NULL
21466,3511722656,AC,2DNC,LEFORCE,4,36.419319,-96.8338,1,22N,04E,NULL
23529,3511722662,AC,2DCm,LARIAT,4-2D,36.245986,-96.78272,4,20N,05E,NULL
23529,3511722733,AC,2DNC,WATERS,9-1D,36.316933,-96.76881,9,21N,05E,NULL
21466,3511722902,AC,2DNC,STRICKER,9D,36.443755,-96.86517,27,23N,04E,NULL
16112,3511722948,AC,2DNC,N. KLINTWORTH,6,36.177073,-96.43284,27,20N,08E,NULL
23271,3511723185,AC,2DNC,MULLENDORE,2,36.247669,-96.41704,35,21N,08E,NULL
17221,3511723223,AC,2DNC,WIDENER,10-A,36.249073,-96.42657,34,21N,08E,NULL
23271,3511723336,AC,2DNC,G. S. VAN EMAN,11,NULL,NULL,30,21N,08E,NULL
23529,3511723351,AC,2DNC,SECHRIST SWD,1,0,0,29,20N,06E,NULL
23529,3511723371,AC,2DNC,"COOPER ""D""",1,36.25297,-96.78085,33,21N,05E,ARBUCKLE
19848,3511723372,AC,2DNC,RIPLEY SWD,1,36.3391666666667,-96.1076666666667,31,22N,04E,NULL
22165,3511723382,AC,2DNC,SCROGGINS,1 SWD,0,0,33,23N,03E,ARBUCKLE
22558,3511723400,AC,2DNC,MOEBIUS,2-28,36.18003,-96.77646,28,20N,05E,NULL
17310,3511723446,AC,2DNC,STILWELL SWD,1,36.346851,-96.67695,32,22N,06E,NULL
20751,3511723449,AC,2DNC,DALLAS,1-6 SWD,0,0,6,21N,06E,NULL
21466,3511723454,AC,2DNC,SCROGGINS,1-33SWD,0,0,33,23N,03E,ARBUCKLE
19848,3511723458,AC,2DNC,NORMAN,1-27 SWD,36.35781,-96.96228,27,22N,03E,NULL
17310,3511723467,AC,2DNC,CARNES,#1-6 SWD,36.233856,-96.60555,6,20N,07E,ARBUCKLE
22912,3511723468,AC,2DNC,HUDGINS,1-18 SWD,0,0,18,22N,04E,NULL
5481,3511723470,AC,2DNC,ROGERS,1-13D,36.3776072,-96.833876247,13,22N,04E,NULL
17310,3511723481,AC,2DNC,NGR SWD,1H-20,36.189891,-96.57085,20,20N,07E,ARBUCKLE
20751,3511723499,AC,2DNC,GILBERT,1-17 SWD,36.223895,-97.00236,17,22N,03E,NULL
23271,3511723528,AC,2DNC,CARNES,14A,36.29448,-96.4665,17,21N,08E,ARBUCKLE
21902,3511723529,AC,2DNC,SCHOOL LAND,1-16,0,0,16,20N,08E,ARBUCKLE
5481,3511723581,AC,2DNC,PAWCO,1-31SWD,0,0,31,23N,05E,ARBUCKLE
22388,3511730162,TM,2DNC,ROBEDEAUX,D5,36.440895,-96.94469,26,23N,03E,NULL
12808,3511901017,AC,2DNC,RAMSEY UNIT,1-17,36.038608,-97.13392,18,18N,02E,NULL
16640,3511920109,PA,SWD,HOLBROOK                      ,     1,NULL,NULL,18,17N,04E,NULL
20836,3511920381,AC,2DNC,MINNICH,1,35.968749,-97.16406,11,17N,01E,NULL
18303,3511921090,AC,2DNC,WILLIAMS,1-33,36.077639,-96.77104,33,19N,05E,NULL
7657,3511921412,AC,2DNC,STATE SCHOOL LAND,1-16R,36.0360555555556,-96.8780833333333,16,18N,04E,NULL
13748,3511921670,TM,2D,HUDSON-TURNER,2,36.073736,-96.63705,35,19N,06E,NULL
7657,3511922725,AC,2DNC,TUCKER,12-1D,36.045115,-96.92959,12,18N,03E,NULL
23358,3511922920,AC,2DNC,KING,2,36.0578,-96.97202,10,18N,03E,NULL
8997,3511922941,AC,2DNC,OVERHOLT,1,36.147042,-97.0407,1,19N,02E,NULL
8997,3511923007,AC,2DNC,NASH,1,36.1252777777778,-97.0449166666667,13,19N,02E,NULL
20976,3511923384,AC,2DNC,HOKE,1-1,NULL,NULL,1,19N,05E,NULL
20836,3511923642,AC,2DNC,BOSTIAN,1,36.00086,-97.14206,25,18N,01E,NULL
23610,3511923684,AC,2DNC,VINCO,1,35.943885,-97.12443,18,17N,02E,NULL
20836,3511923700,AC,2DNC,CUNDIFF SWD,1,35.957417,-97.17354,11,17N,01E,NULL
23610,3511923717,AC,2DNC,VINCO SWDW,2,35.942977,-97.13892,18,17N,02E,NULL
12808,3511923740,AC,2DNC,RAMSEY UNIT,1-18,36.03663,-97.13266,18,18N,02E,NULL
23529,3511923771,AC,2DNC,WOODS SWDW,1,36.150908,-96.68731,5,19N,06E,NULL
20721,3511923779,AC,2DNC,CROCKETT,1-D,NULL,NULL,13,19N,05E,NULL
12808,3511923781,AC,2DNC,RAMSEY,1-19,36.017759,-97.13949,19,18N,02E,NULL
23358,3511923843,AC,2DNC,CALYX SWD,35-2,35.9993888888889,-96.8474444444444,35,18N,04E,1ST WILCOX
23358,3511923856,AC,2DNC,DEAN SWD,3-1,36.0722222222222,-96.8621388888889,3,18N,04E,1ST WILCOX
23358,3511923858,AC,2DNC,BOYCE SWD,21-2,0,0,21,18N,01E,1ST WILCOX
23358,3511923866,AC,2DNC,WHEELER,11-1 SWD,0,0,11,18N,03E,ARBUCKLE
23358,3511923881,AC,2DNC,BOSTIAN SWD,17-2,36.03008,-97.11356,17,18N,02E,1ST WILCOX SS
20751,3511923895,AC,2DNC,DADDY DON,1-30 SWD,36.1888611111111,-96.9233055555556,30,20N,04E,ARBUCKLE
20751,3511923896,AC,2DNC,ELINORE,1-18SWD,36.0295277777778,-97.0175555555556,18,18N,03E,NULL
23358,3511923898,AC,2DNC,WILLIAMS,5-1 SWD,35.97125,-96.8991388888889,5,17N,04E,NULL
20751,3511923904,AC,2DNC,WINNEY,1-8 SWD,36.0572777777778,-97.3265555555556,8,18N,01W,NULL
21705,3511923911,AC,2DCm,FHA SWD,1-15,36.03839,-96.86697,15,18N,04E,ARBUCKLE
21905,3511923912,AC,2DNC,BUCKET SWD,1,0,0,10,17N,02E,ARBUCKLE
23358,3511923925,AC,2DNC,METCALF,24-2 SWD,36.01525,-96.94322,24,18N,03E,NULL
23358,3511923926,AC,2DNC,WILSON,11-2SWD,35.9704444444444,-96.8387777777778,11,17N,04E,NULL
23358,3511923940,AC,2DNC,PENNY,29-1SWD,36.10106,-96.89347,29,19N,04E,1ST WILCOX SS
23358,3511923946,AC,2DNC,ETHRIDGE,25-3 SWD,36.0007777777778,-96.8335555555555,25,18N,04E,NULL
22516,3511923964,AC,2DNC,MURLIN,1-27 SWD,0,0,27,18N,03E,NULL
22516,3511923966,AC,2DNC,STOCKTON,1-27 SWD,36.00098,-96.97723,27,18N,03E,ARBUCKLE
20751,3511923968,AC,2DNC,PEACH,1-19 SWD,0,0,19,19N,01W,NULL
20751,3511923970,AC,2DNC,VITEK,1-24 SWD,36.20956,-97.04367,24,20N,02E,NULL
20751,3511923974,AC,2DNC,JOYCE,1-5 SWD,36.041874,-96.59556,5,18N,03E,NULL
23092,3511923976,AC,2DCm,WEST PERKINS SWD,1,35.96997,-97.04994,12,17N,02E,ARBUCKLE
20751,3511923977,AC,2DNC,HARTING,1-1 SWD,0,0,1,19N,03E,ARBUCKLE
22558,3511923981,AC,2DCm,HOLLAND,1-21,0,0,21,20N,04E,ARBUCKLE
20751,3511923982,AC,2DNC,RAINS 5-20N-2E,1 SWD,36.23236,-97.11228,5,20N,02E,NULL
20751,3511923986,AC,2DNC,HOPKINS,1-12 SWD,0,0,12,18N,01W,ARBUCKLE
20751,3511923997,AC,2DNC,HC RYAN 15-18N-6E,1 SWD,0,0,15,18N,06E,NULL
23358,3511924011,AC,2DNC,HOPKINS SWD,1-32,0,0,32,19N,01W,ARBUCKLE
23358,3511924012,AC,2DNC,BODE SWD,1-2,0,0,2,18N,01W,ARBUCKLE
20751,3511924020,AC,2DNC,CHLOUBER 35-19N-3E,1 SWD,36.07364,-96.95484,35,19N,03E,ARBUCKLE
23358,3511924029,AC,2DNC,SHENOLD,25-1 SWD,0,0,25,19N,03E,ARBUCKLE
22516,3511924030,AC,2DNC,BOYD,1-18 SWD,0,0,18,20N,02E,ARBUCKLE
20751,3511924041,AC,2DNC,THOMASON 15-20N-3E,1SWD,36.20484,-96.97883,15,20N,03E,ARBUCKLE
23358,3511924056,AC,2DNC,LOUIS,6-3 SWD,35.971389,-96.915,6,17N,04E,ARBUCKLE
22558,3511924063,AC,2DNC,EASTOK-PALM,1-12 SWD,0,0,12,20N,04E,ARBUCKLE
23358,3511924071,AC,2DNC,MITCHELL,4-1 SWD,36.072164,-96.878581,4,18N,04E,ARBUCKLE
23358,3511924093,AC,2DNC,KATZ,31-2 SWD,36.073333,-97.01707,31,19N,03E,ARBUCKLE
23358,3511924095,AC,2DNC,HILDEBRAND,6-1 SWD,36.059167,-96.925833,6,18N,04E,ARBUCKLE
23358,3511924149,AC,2DNC,B & W WEATHERS SWD,1-7,0,0,7,19N,02E,ARBUCKLE
20751,3511924150,AC,2DNC,CEDAR GROVE 21-20N-2E,1SWD,36.18898,-97.08886,21,20N,02E,ARBUCKLE
19779,3511924193,AC,2DNC,JEDI,A1-6 SWD,0,0,6,18N,05E,ARBUCKLE
23358,3511924210,AC,2DNC,NELSON 33 18N 3E,1SWD,0,0,33,18N,03E,ARBUCKLE
20751,3511924220,AC,2DNC,LENORA 29-18N-1W,1SWD,36.013651,-97.33377,29,18N,01W,ARBUCKLE
23358,3511924260,AC,2DNC,JUDGE SOUTH 33-18N-2E,SWD,0,0,33,18N,02E,ARBUCKLE
19779,3511924269,AC,2DNC,LINDA A1,1 SWD,0,0,1,18N,05E,ARBUCKLE
19779,3511924308,AC,2DNC,CIMARRON A1,13 SWD,0,0,13,18N,04E,ARBUCKLE
NULL,3511924319,AC,2DNC,BUCKNER 24-19N-1W,SWD,0,0,24,19N,01W,ARBUCKLE
22754,3511930407,AC,2DNC, CALDWELL-LIONEL HARRIS,1,36.074014,-96.76657,33,19N,05E,NULL
20944,3512120221,AC,2DNC,ORR B,1D,34.92138,-96.0161,11,05N,12E,NULL
21466,3512124652,AC,2DNC,CHARLES,1-23 SWD,0,0,23,07N,12E,NULL
23479,3512300067,AC,2DNC,L.A. BRALY ESTATE,1,34.839203,-96.779676,9,04N,05E,NULL
21017,3512300296,AC,2DNC,BROWALL,1-A,34.8670555555556,-96.818464,31,05N,05E,NULL
22205,3512303132,AC,2DCm,JULIA SMITH,8,34.216143,-96.21669,31,02N,07E,NULL
22078,3512305846,AC,2DCm,T.G. SUMMERS,1,34.872703,-96.8434,26,05N,04E,NULL
14156,3512307285,AC,2DNC,EAST FITTS UNIT,20-2,34.619118,-96.563715,27,02N,07E,NULL
17498,3512323571,AC,2DNC,ALENE TUCKER,1,34.868711,-96.80106,29,05N,05E,NULL
23026,3512323575,AC,2DNC,MAULDIN,15SWD,34.865759,-96.80392,32,05N,05E,NULL
21422,3512323744,AC,2DNC,TILLEY,1 SWD,34.86104,-96.79997,32,05N,05E,ARBUCKLE
19779,3512323800,AC,2DNC,ALLEN,A1-21 SWD,0,0,21,03N,07E,NULL
10952,3512501164,AC,2DNC,W ST. LOUIS EARLSBORO HUNTON,W18,35.062689,-96.889279,21,07N,04E,NULL
13979,3512520201,PA,2D,RADFORD,5,NULL,NULL,29,07N,05E,NULL
20976,3512520225,AC,2DNC,PORTER,2,35.26983,-96.78159,9,09N,05E,NULL
2910,3512520524,AC,2DNC,JANICE,3,35.037725,-96.894785,33,07N,04E,NULL
2910,3512520733,AC,2DNC,JO ANN,2,35.017287,-96.806171,5,06N,05E,NULL
2910,3512520760,PA,SWD,JOANN                         ,4     ,NULL,NULL,5,06N,05E,NULL
23252,3512520827,AC,2DCm,SALES,22-1,34.97922,-96.863404,22,06N,04E,NULL
4605,3512520963,PA,SWD,PAULA                         ,    13,NULL,NULL,3,06N,04E,NULL
4605,3512520966,PA,SWD,LINDA                         ,     9,NULL,NULL,32,07N,05E,NULL
21892,3512520980,AC,2DNC,McINTYRE,1,35.087338,-96.830285,12,07N,04E,NULL
13231,3512521026,AC,2DCm,TAREA,1,35.0557222222222,-96.8559722222222,26,07N,04E,NULL
4605,3512521057,AC,2DCm,RICHARD,2,35.024084,-96.904839,5,06N,04E,NULL
2315,3512521067,AC,2DNC,STANDRIDGE,1,35.080744,-96.865205,15,07N,04E,NULL
6442,3512521313,AC,2DNC,BRANDENBURG,10,35.083783,-96.82442,18,07N,05E,NULL
19055,3512521351,TM,SWD,LUELLA                        ,SWD-1 ,35.029251,-96.824818,31,07N,05E,NULL
17016,3512521433,AC,2DNC,BRANDENBURG-GEORGE,1,35.122352,-96.866752,34,08N,04E,NULL
22168,3512521500,AC,2DNC,EAST UNIT ARBUCKLE SWD WELL,1,34.45921,-97.024208,30,06N,03E,NULL
10952,3512521633,AC,2DNC,GILLHAM,1,35.035607,-96.788354,33,07N,05E,NULL
17002,3512521634,AC,2DNC,STATE,2,35.040963,-96.82957,36,07N,04E,NULL
17592,3512521640,AC,2DNC,EARLSBORO,5,35.2702,-96.80625,8,09N,05E,NULL
21553,3512521656,AC,2DNC,GREGG,1,35.058004,-96.920203,30,07N,04E,NULL
22963,3512521680,AC,2DNC,WYATT,10,35.077967,-96.909238,17,07N,04E,NULL
4605,3512521724,AC,2DNC,KENNEDY,3,35.026109,-96.829825,1,06N,04E,NULL
19055,3512521826,AC,2DNC,DOUBLE R,1,35.027367,-96.824022,6,06N,05E,NULL
10952,3512521864,AC,2DNC,COUNTY LINE,33-2A,35.035162,-96.783443,33,07N,05E,NULL
21553,3512521872,TM,SWD,MILBURN                       ,   D-1,35.086003,-96.871925,15,07N,04E,NULL
9039,3512521934,PA,SWD,CARTY                         ,     1,NULL,NULL,7,08N,04E,NULL
9998,3512521937,TM,SWD,DALTON                        ,     5,35.016064,-96.781693,4,06N,05E,NULL
998,3512521987,AC,2DNC,HEMBREE,11,35.063715,-96.814954,19,07N,05E,NULL
10952,3512522135,AC,2DNC,R.B.,2-A,35.042269,-96.798872,32,07N,05E,NULL
4605,3512522171,AC,2DNC,WILSON-OGEE,3,35.171001,-96.79309,17,08N,05E,NULL
1510,3512522197,AC,2DNC,W C DAVIS,2A,35.086053,-96.817221,18,07N,05E,NULL
22460,3512522233,AC,2DCm,DEMERE PATTERSON,2,34.974721,-96.803844,20,06N,05E,NULL
2910,3512522323,PA,SWD,MG                            ,    13,35.067053,-96.858643,23,07N,04E,NULL
19055,3512522329,AC,2DNC,BESSIE,1,35.034076,-96.840969,36,07N,04E,NULL
4605,3512522376,PA,SWD,COURTNEY                      ,     2,35.073616,-96.840481,13,07N,04E,NULL
10952,3512522401,AC,2DNC,GARRETT,7-R,35.053427,-96.88939,28,07N,04E,NULL
19055,3512522541,AC,2DNC,JEANNE,SWD,35.013768,-96.814328,7,06N,05E,NULL
4605,3512522688,AC,2DNC,SHARP,9,35.027392,-96.816222,6,06N,05E,NULL
4052,3512522771,AC,2DNC,BETTY PYBUS,2,35.002067,-97.00726,8,06N,03E,NULL
10952,3512522779,AC,2DNC,PETE,3,35.084343,-96.902228,17,07N,04E,TRENTON DENSE
23171,3512522819,AC,2DNC,NEAL,3,34.986823,-97.074888,15,06N,02E,NULL
22963,3512523140,AC,2DNC,BURKE STATE,16,35.08239,-96.883182,16,07N,04E,NULL
4605,3512523276,AC,2DNC,W. FRANK,1,35.027844,-96.863298,3,06N,04E,NULL
13231,3512523288,PA,SWD,LACLAIR                       ,6     ,NULL,NULL,23,07N,04E,NULL
20585,3512523447,AC,2DNC,PARADIGM,2-SWD,35.41707,-96.68369,20,11N,06E,NULL
20585,3512523507,AC,2DNC,JESSE,1,35.42579,-96.70201,18,11N,06E,NULL
21553,3512523509,AC,2DNC,MILBURN,6,35.086099,-96.871799,15,07N,04E,NULL
20585,3512523519,AC,2DNC,KOLAR,1,0,0,23,11N,06E,NULL
20585,3512523527,AC,2DNC,TURNER,1,35.44172,-96.72615,12,11N,05E,NULL
20585,3512523540,AC,2DNC,TOMMY,1,35.41154,-96.69089,20,11N,06E,NULL
10952,3512523548,AC,2DNC,YOUNGBLOOD,2,35.080159,-96.889306,16,07N,04E,NULL
20585,3512523553,AC,2DNC,RIVER CREST,1,35.40825,-96.63293,23,11N,06E,NULL
20585,3512523558,AC,2DNC,NORTH PARADIGM,1,35.45521,-96.6927,5,11N,06E,NULL
10952,3512523610,AC,2DNC,GIRARD,1,35.076655,-96.896191,16,07N,04E,NULL
20585,3512523612,AC,2DNC,HOWARD,1-15,35.421103,-96.753996,15,11N,05E,NULL
22297,3512523623,AC,2DNC,DAVIS,1-21,35.24478,-96.8787,21,09N,04E,NULL
22354,3512523650,AC,2DNC,AVALON MACCOMB SWD,1,35.131464,-97.000611,28,08N,03E,NULL
18920,3512523673,AC,2DNC,SPS VAN,1,0,0,25,08N,04E,NULL
12700,3512523689,AC,2DNC,CARPENTER SWD,4,34.975929,-96.923766,19,06N,04E,ARBUCKLE
17016,3512523696,AC,2DNC,CF SWD,1,35.020905,-96.805842,5,06N,05E,NULL
22297,3512523706,AC,2DNC,HENSLEY SWD,1-30,34.963922,-96.816176,30,06N,05E,ARBUCKLE
4605,3512523710,AC,2DNC,J.A.,3,0,0,24,07N,04E,2ND WILCOX
22354,3512523711,AC,2DNC,BURNETT POOL SWD,1,35.202709,-97.138467,6,08N,02E,ARBUCKLE
21509,3512523721,AC,2DNC,HOG CREEK,2-11,35.002926,-97.060606,11,06N,02E,NULL
22297,3512523755,AC,2DNC,BALE CREEK,1-6,35.202017,-97.026825,6,08N,03E,ARBUCKLE
16258,3512523774,AC,2DNC,RED ROCK CANYON,3,35.12658,-96.907823,32,08N,04E,ARBUCKLE
18920,3512523821,AC,2DNC,LUCY,1-12,0,0,12,08N,04E,ARBUCKLE
18513,3512530801,PA,2D,CHERRY,1,35.064506,-96.889779,21,07N,04E,NULL
16214,3513105198,TM,SWD,GULLEY                        ,2-I   ,36.487139,-95.46078,11,23N,17E,NULL
22193,3513120746,AC,2DNC,EDWARD HALL,2,36.48425,-95.7906944444444,11,23N,14E,NULL
1959,3513120976,PA,2D,"FRASIER ""C""",1,36.5012845,-95.7918475,2,23N,14E,NULL
22391,3513121116,AC,2DNC,JOY WAGONER,9,36.551,-95.6876388888889,22,24N,15E,NULL
20857,3513121197,AC,2DNC,ALLEN,3,36.44775,-95.7683055555556,25,23N,14E,NULL
22193,3513122272,AC,2DNC,ROSENOW/HACK,3,36.4641111111111,-95.7750833333333,24,23N,14E,NULL
10806,3513122420,TM,2D,DAWSON,4,36.5258187,-95.6988599,27,24N,15E,NULL
22193,3513122938,AC,2DNC,BLAKLEY,5,36.4236944444444,-95.7306944444445,32,23N,15E,NULL
22193,3513123825,AC,2DNC,WORDEN,84-22,36.4353055555556,-95.7635833333333,36,23N,14E,MISSISSIPPI
22391,3513124359,AC,2DNC,BEGLEY,6,36.379427,-95.70835,21,22N,15E,MISSISSIPPI
23655,3513124519,TM,2D,THOMAS-RIFFE,1,36.340868,-95.77445,36,22N,14E,NULL
19041,3513124616,PA,SWD,LOWETA                        ,3     ,36.3515833333333,-95.6522777777778,25,22N,15E,NULL
22193,3513124816,AC,2DNC,SLANKER,60,NULL,NULL,5,23N,15E,NULL
22193,3513124853,AC,2DNC,SHANK,60,NULL,NULL,34,23N,14E,NULL
22193,3513124876,AC,2DNC,E.BURNS/COBB,60,36.544773,-95.7963,22,24N,14E,NULL
20920,3513124907,PA,2D,WINCHESTER,2-26,NULL,NULL,26,22N,14E,NULL
19727,3513124987,AC,2DNC,BOYD,102,36.5815,-95.6767777777778,11,24N,15E,NULL
22193,3513125044,AC,2DNC,ECC/SHORT RANCH,60,NULL,NULL,15,24N,14E,NULL
22193,3513125175,AC,2DNC,HASSELL,60,NULL,NULL,1,22N,14E,NULL
22391,3513125263,AC,2DNC,SMITHPETER,2,0,0,33,22N,15E,ARBUCKLE
22607,3513125330,PA,2DNC,STRAW SWD,1,36.2646432,-95.4881973,27,21N,17E,ARBUCKLE
22391,3513125344,AC,2DNC,NOBLE BREWER,9D,0,0,17,22N,15E,NULL
12971,3513125365,AC,2DNC,HANNON-HOBBS,5,0,0,1,23N,14E,NULL
23593,3513125415,AC,2DNC,SOUTH CURLS,W3,0,0,3,24N,17E,ARBUCKLE
23272,3513126631,AC,2DNC,WASHAM RIVER ,1,36.335019,-95.69939,3,21N,15E,ARBUCKLE
10179,3513320420,AC,2DNC,"REED, F. H.",16,35.171257,-96.640823,14,08N,06E,NULL
20585,3513320580,PA,SWD,SLIGAR                        ,     1,NULL,NULL,19,10N,06E,NULL
22963,3513320991,AC,2DNC,REED,1,35.0853,-96.632874,13,07N,06E,NULL
14397,3513321010,AC,2DNC,RAINEY  (SWD),1,35.29195,-96.74727,35,10N,05E,NULL
20976,3513321219,AC,2DNC,CRUSE,6,NULL,NULL,2,07N,06E,NULL
21268,3513321323,AC,2DNC,WISE                          ,   C-2,NULL,NULL,3,08N,05E,NULL
5690,3513321426,AC,2DNC,WASUTKE,2-A,35.2660277777778,-96.7349722222222,12,09N,05E,NULL
327,3513321631,AC,2DCm,LASLEY,2,35.24221,-96.65471,22,09N,06E,NULL
14397,3513321714,AC,2DCm,SANGO SWD,1,35.284513,-96.74502,2,09N,05E,NULL
15768,3513321794,PA,SWD,HARJO                         ,    10,NULL,NULL,11,07N,06E,NULL
17592,3513321816,TM,SWD,EMPIRE                        ,3     ,35.258238,-96.7395,13,09N,05E,NULL
22963,3513322121,AC,2DNC,LINDA HARJO,3,NULL,NULL,14,07N,06E,NULL
19093,3513322127,TM,SWD,REED,3 TWIN,35.306682,-96.47553,28,10N,08E,NULL
21509,3513322199,AC,2DNC,MANUEL,2,35.2909166666667,-96.7141666666667,31,10N,06E,NULL
10952,3513322307,AC,2DNC,FISHER,1,NULL,NULL,27,07N,05E,NULL
19093,3513322355,TM,SWD,REED,3-A,35.307135,-96.47553,28,10N,08E,NULL
21875,3513322451,AC,2DNC,MINIHAN CAMPBELL,1,34.991219,-96.73893,13,06N,05E,NULL
20266,3513322599,AC,2DNC,SANGO,1-A,35.283623,-96.72956,1,09N,05E,NULL
10238,3513322860,AC,2DCm,B & H,1,0,0,4,05N,06E,NULL
17572,3513323190,PA,SWD,S.KONAWA ARB.DISP.(CHIPPIE)   ,     1,NULL,NULL,13,06N,05E,NULL
22963,3513323429,AC,2DNC,MAC,1D,35.075493,-96.635857,14,07N,06E,DOLOMITE
17592,3513323608,AC,2DNC,"BARNES ""A""",7,35.276335,-96.7649,3,09N,05E,NULL
20585,3513324255,AC,2DNC,PARADIGM,1-SWD,35.352569,-96.64286,11,10N,06E,NULL
20585,3513324261,AC,2DNC,RIVER BEND                    ,1A-25 ,35.403292,-96.51805,25,11N,07E,NULL
20585,3513324281,AC,2DNC,PARADIGM SWD,3,35.341685,-96.66274,15,10N,06E,NULL
20585,3513324298,AC,2DNC,BOOMTOWN,1,35.356114,-96.76491,10,10N,05E,NULL
23209,3513324301,AC,2DNC,GAINEY RANCH SWD,17-1,35.258733,-96.59812,17,09N,07E,NULL
21986,3513324302,AC,2DNC,PARAGON,1,35.325268,-96.46005,21,10N,08E,NULL
15459,3513324309,AC,2DNC,COATS,1-28,NULL,NULL,28,08N,08E,NULL
20585,3513324334,AC,2DNC,PARADIGM TARPEY,1,NULL,NULL,30,10N,06E,NULL
20585,3513324340,PA,2D,PARADIGM MORGAN,1,NULL,NULL,23,10N,06E,NULL
15459,3513324341,AC,2DNC,NEWMAN,1-9,35185705,-96.493244,9,08N,08E,NULL
22670,3513324356,AC,2DNC,SEMINOLE,1,35.25239,-96.63613,14,09N,06E,NULL
22649,3513324386,AC,2DNC,LEVISAY,1-11,35.3585,-96.54542,11,10N,07E,NULL
20923,3513324409,AC,2DNC,SCHOOLTON,1,35.360146,-96.45234,10,10N,08E,NULL
17016,3513324429,AC,2DNC,ELLIS SWD,1,NULL,NULL,30,08N,08E,NULL
19055,3513324463,AC,2DNC,PARKS,8,35.378797,-96.75388,35,11N,05E,NULL
20585,3513324484,AC,2DNC,WEST PARADIGM,1,35.334859,-96.70802,18,10N,06E,NULL
20585,3513324515,AC,2DNC,DECKER,1,35.368868,-96.68979,5,10N,06E,NULL
20585,3513324535,AC,2DNC,DRAINGO,1,35.356603,-96.73233,12,10N,05E,NULL
20585,3513324555,AC,2DCm,HUC,34-1,35.300436,-96.66384,34,10N,06E,NULL
19113,3513324609,AC,2DNC,COMMUNITY MAYHUE,6,35.26588,-96.64849,11,09N,06E,NULL
20585,3513324660,AC,2DNC,HATCHER,1-31,35.37778,-96.72277,31,11N,06E,NULL
20585,3513324692,AC,2DNC,STOUT,1,35.37595,-96.61861,1,10N,06E,NULL
19409,3513324751,AC,2DNC,DEER CREEK SWD,1-27,35.39228,-96.76,27,11N,05E,NULL
20585,3513324785,AC,2DNC,JADYN,1-7,35.350083,-96.6175,7,10N,07E,NULL
15459,3513324788,AC,2DNC,BEEHIVE,1-32,35.120869,-96.487755,32,08N,08E,NULL
20585,3513324859,AC,2DNC,TRIXIE SWD,1-3,35.37645,-96.56317,3,10N,07E,NULL
19821,3513324876,PA,2D,REED SWD,1,0,0,31,08N,08E,NULL
15447,3513324962,AC,2DNC,NEW SWD,18-1,35.163198,-96.615215,18,08N,07E,1ST WILCOX
23197,3513324965,AC,2DNC,WILSON,1-5,35.106477,-96.59172,5,07N,07E,ARBUCKLE
17713,3513324979,AC,2DNC,LANE,1 SWD,0,0,12,05N,05E,2ND WILCOX
18538,3513324989,AC,2DNC,YERBY,#1 SWD,0,0,14,07N,06E,ARBUCKLE
22726,3513325063,AC,2DNC,SKYLINE SWD,1,34.970228,-96.491931,29,06N,08E,ARBUCKLE
14397,3513325112,AC,2DNC,ELLIOTT,1,35.27014,-96.73554,12,09N,05E,ARBUCKLE
20994,3513325139,AC,2DNC,LEWIS,1-15 SWD,0,0,15,08N,05E,ARBUCKLE
19409,3513325151,AC,2DNC,BRINKER,1-23 SWD,35.23232,-96.64158,23,09N,06E,ARBUCKLE
20976,3513330412,AC,2DNC,LACY A,11,35.165542,-96.65157,14,08N,06E,NULL
15918,3513520400,PA,2D,VIAN SWD,27-1,NULL,NULL,27,12N,22E,NULL
20222,3513706770,AC,2DNC,BAKER,5,34.344842,-97.79311,35,02S,06W,NULL
21422,3513707440,AC,2DNC,DILLY,1,34.3191944444444,-97.7625277777778,6,03S,05W,NULL
98,3513709863,PA,SWD,ROSS TAYLOR                   ,1     ,NULL,NULL,15,01N,09W,NULL
17104,3513709867,AC,2DNC,BLAKE,2,34.5481666666667,-98.1278055555556,22,01N,09W,NULL
2334,3513726550,AC,2DNC,RUBY,6-13,34.37903,-97.98472,13,02S,08W,NULL
17873,3513726963,AC,2DNC,J.C. TAYLOR,SWD 8,34.31524,-97.70537,10,03S,05W,ARBUCKLE
14851,3514120142,PA,SWD,PLATNER                       ,     1,NULL,NULL,4,04S,16W,NULL
22756,3514120247,AC,2DNC,DICKEY ,3-1,34.331625,-99.14459,1,03S,19W,NULL
22183,3514120411,AC,2DNC,THE CITY OF FREDERICK         ,1     ,34.34225,-97.6634166666667,32,02S,17W,ARBUCKLE
22183,3514120442,AC,2DNC,CITY OF FREDERICK,6,34.34493,-98.99532,32,02S,17W,CANYON
20099,3514300122,AC,2DNC,"HARRIS, WINNIE D.  (P-3)",1,35.947589,-95.78248,14,17N,14E,NULL
19405,3514300130,TM,2D,BRUNER,6,36.1496,-96.06722,6,19N,12E,NULL
19313,3514301710,AC,2DNC,COX,3,35.9494019,-95.7891715,14,17N,14E,NULL
16436,3514303743,AC,2DNC,"EVANS, ALBERT LEE",4,NULL,NULL,31,19N,12E,NULL
23198,3514304265,AC,2DNC,PHILLIPS B,6-A,36.110483,-96.1532,21,19N,11E,NULL
19319,3514304381,AC,2DNC,HARRISON,1,36.094126,-96.16883,29,19N,11E,NULL
3000,3514308894,TM,SWD,LEONARD                       ,#5    ,NULL,NULL,34,17N,14E,NULL
22840,3514309363,AC,2DNC,ISPOCOGEE WSW,1,0,0,34,18N,12E,NULL
3740,3514316111,TM,2D,McKEE SUSIE LYNN,2,36.1321528,-96.1822342,18,19N,11E,NULL
20910,3514320084,AC,2DNC,KNOCH,2,36.086955,-96.12193,34,19N,11E,NULL
23380,3514320199,AC,2DNC,WINSTON,9,35.9764166666667,-95.999,2,17N,12E,NULL
15573,3514320561,AC,2DNC,ELLIS,15-A,36.3101388888889,-95.9578611111111,7,21N,13E,NULL
7591,3514320666,PA,2D,HUGHES,1A,36.34977,-95.99684,35,22N,12E,NULL
15573,3514320694,AC,2DNC,CRAIG/ANDREWS,1,36.364757,-95.97275,30,22N,13E,NULL
18168,3514321066,AC,2DCm,CARPENTER,1,NULL,NULL,24,22N,12E,NULL
22193,3514321658,AC,2DNC,"COLPITT ""A""",2,36.419175,-95.8921,2,22N,13E,NULL
16966,3514321681,AC,2DNC,LEE,2-A,36.317592,-95.99963,11,21N,12E,NULL
5740,3514321799,PA,2D,HILLENBURG,2,36.001523,-95.7797,35,18N,14E,NULL
6850,3514321870,PA,2D,BEST,1,35.9566394,-95.7646175,13,17N,14E,NULL
14156,3514322447,AC,2DNC,DOUGLAS,1,36.117502,-96.23583,22,19N,10E,NULL
20857,3514322505,AC,2DNC,GAZAWAY,2,36.4046388888889,-95.8407222222222,8,22N,14E,NULL
15573,3514322684,AC,2DCm,RITA,1,36.335737,-95.99067,1,21N,12E,NULL
22100,3514322907,TM,SWD,HILLTOP SWD                   ,1     ,35.987459,-95.979,1,17N,12E,NULL
11299,3514323135,PA,SWD,GARRISON-HEROD                ,2-A   ,NULL,NULL,36,21N,12E,NULL
17501,3514323754,PA,SWD,SANDITE                       ,1     ,NULL,NULL,34,19N,11E,NULL
12209,3514323827,TM,2D,MARTIN,2-31,-96.173296,-36.0850181,31,19N,11E,NULL
19319,3514323829,AC,2DNC,MARTIN,3-31,36.085471,-96.17609,31,19N,11E,NULL
20359,3514323839,PA,2D,LANCASTER,2,36.095486,-96.15934,29,19N,11E,NULL
23556,3514323846,AC,2DNC,LANCASTER,2,NULL,NULL,29,19N,11E,NULL
19922,3514323902,AC,2DNC,TURINSKY SWD,1,35.8623611111111,-95.9323888888889,16,16N,13E,NULL
22193,3514323968,AC,2DNC,STAMPS,T-1,36.394216,-95.95875,18,22N,13E,NULL
19319,3514324090,AC,2DNC,FINCANNON,6,NULL,NULL,15,19N,11E,NULL
16112,3514324121,AC,2DNC,SL SWD,1-20,NULL,NULL,20,22N,13E,NULL
18187,3514324140,AC,2DNC,JACKSON                       ,17-A  ,NULL,NULL,2,21N,12E,BURGESS
22958,3514324251,AC,2DCm,FANCHER SWD,1,36.25541,-95.97727,36,21N,12E,NULL
18187,3514324298,AC,2DNC,DIVINNA,14,0,0,13,21N,12E,ARBUCKLE
22277,3514521375,PA,2D,WOODRUFF TRUST,3,35.972506,-95.73128,8,17N,15E,NULL
8147,3514522024,TM,SWD,HOLDERMAN                     ,1     ,35.937179,-95.71677,21,17N,15E,NULL
18706,3514522573,AC,2DNC,CHELAUREN,3,35.899504,-95.49804,33,17N,17E,NULL
22428,3514522591,PA,2DNC,HENRY,19-3,35.930781,-95.75358,19,17N,15E,NULL
22138,3514522964,AC,2DNC,SCHWAB,7-3F,35.968041,-95.43347,7,17N,18E,NULL
22138,3514522968,AC,2DNC,CLARK,18-6A,35.9571111111111,-95.4228611111111,18,17N,18E,NULL
13651,3514523016,AC,2DNC,MILLER SWD,17-1,NULL,NULL,17,16N,18E,NULL
13651,3514523102,AC,2DNC,CORONADO,18-1SW,NULL,NULL,18,16N,18E,NULL
13651,3514523111,AC,2DNC,LEBLANC,20-1SW,NULL,NULL,20,16N,17E,NULL
13651,3514523118,AC,2DNC,GLASS,20-1SW,NULL,NULL,20,16N,18E,NULL
13651,3514523138,AC,2DNC,WRIGHT,12-1SW,35.87863,-95.44683,12,16N,17E,NULL
13651,3514523139,AC,2DNC,MILES,16-1SW,NULL,NULL,16,16N,18E,NULL
13651,3514523141,AC,2DNC,LOLA DEAN,14-2SW,NULL,NULL,14,16N,17E,NULL
22428,3514523277,PA,2D,KNOCHE,1,0,0,1,16N,15E,ARBUCKLE
22138,3514523278,PA,2D,STONE,25-2,NULL,NULL,25,17N,17E,NULL
22138,3514523303,PA,2D,MILLER,27-2,0,0,27,18N,17E,N/A
22138,3514523322,PA,2D,MCCOY,11-5,0,0,11,17N,17E,NULL
22138,3514523329,AC,2DNC,GARCIA SWD,4-1,0,0,4,17N,17E,NULL
20857,3514700531,AC,2DNC,ELMER PAVEY,B-2,36.483475,-95.83589,8,23N,14E,NULL
20347,3514700689,AC,2DNC,PIERCE (ELLA PIERCE #4),4A,36.761389,-95.86669,1,26N,13E,NULL
21740,3514709344,AC,2DNC,WILSON,24,NULL,NULL,12,27N,13E,NULL
21976,3514720623,AC,2DNC,DANNY LEMMONS,1,36.9045833333333,-95.8691388888889,13,28N,13E,NULL
22659,3514720666,AC,2DNC,CATO - WOODALL,1-S,36.8757222222222,-95.8463333333333,30,28N,14E,NULL
22193,3514721030,AC,2DNC,BENNETT,1-DA,36.555083,-95.85386,18,24N,14E,NULL
21239,3514721497,AC,2DNC,MITCHELL,1WS-2,36.852023,-95.88921,2,27N,13E,NULL
18192,3514721945,TM,2D,ANDERSON,C-07,36.9045874,-95.9117322,15,28N,13E,NULL
22193,3514721984,AC,2DNC,COLPITT,35,36.43544,-95.89876,35,23N,13E,NULL
940,3514722273,PA,SWD,GUINN                         ,   D-1,NULL,NULL,22,26N,13E,NULL
11712,3514722313,TM,2D,RAMSEY,1,36.7196911,-95.8351777,20,26N,14E,NULL
21976,3514722338,AC,2DNC,KEEFER,1,36.7162777777778,-95.8824722222222,23,26N,13E,NULL
23363,3514722463,AC,2DNC,INBODY,21 C-1,36.453557,-95.93245,21,23N,13E,NULL
18192,3514722493,TM,2D,HOLLAND,11,36.9027754,-95.900447,15,28N,13E,NULL
16554,3514722660,AC,2DNC,BIBLE-BISSETT,D-3,36.555471,-95.99927,14,24N,12E,NULL
20857,3514722732,AC,2DNC,"PAINTER  ""J""",115,36.835698,-95.81493,9,27N,14E,NULL
23363,3514722746,AC,2DNC,COLLINS TODD,M-2,0,0,8,23N,13E,NULL
15850,3514722795,PA,2D,KING,1,36.9172697,-95.9297398,9,28N,13E,NULL
22659,3514722878,AC,2DNC,SCUDDER-BLUE RIBBON,A-1,NULL,NULL,4,27N,14E,NULL
15812,3514722930,PA,2DNC,SMITH                         ,1     ,36.813944,-95.93423,21,27N,13E,NULL
10462,3514723079,TM,SWD,WHITEHORN                     ,     4,36.655798,-95.87737,12,25N,13E,NULL
21976,3514723090,AC,2DNC,CRANOR,20,36.654438,-95.88919,14,25N,13E,NULL
7932,3514723344,TM,SWD,JACKSON                       ,M-3   ,36.8336944444444,-95.8721111111111,12,27N,13E,NULL
23363,3514723441,AC,2DNC,JEAN LITTLE SWD,30 D1,36.444019,-95.96221,30,23N,13E,NULL
22659,3514723573,AC,2DNC,SCUDDER-CHRISTIAN,8D,36.832532,-95.8397,8,27N,14E,NULL
22659,3514723632,AC,2DNC,STARR,WS-1,36.87015,-95.84643,31,28N,14E,NULL
18136,3514724201,TM,2D,BLUM,5,36.8719148,-95.9814905,36,28N,12E,NULL
22193,3514724452,AC,2DNC,MCMILLIAN,4,36.460815,-95.91336,22,23N,13E,NULL
20347,3514724481,AC,2DNC,IMA TYLER,D-2,36.75595,-95.85319,7,26N,14E,NULL
9998,3514724526,TM,2D,DIAMOND,6,36.6725534,-95.9297001,4,25N,13E,NULL
8662,3514724666,AC,2DNC,SHARPTON,D1,36.799903,-95.91228,27,27N,13E,NULL
8606,3514724740,AC,2DNC,SWINDLER,4,NULL,NULL,28,28N,13E,NULL
18192,3514724927,TM,SWD,"DRUMMER ""A""                   ",7     ,36.9118333333333,-95.9096666666667,15,28N,13E,NULL
10646,3514725231,TM,2D,MELOY,9,36.8864534,-95.9274766,28,28N,13E,NULL
21976,3514725954,AC,2DNC,HASTINGS,W-3C,36.6887777777778,-95.8722222222222,36,26N,13E,NULL
20857,3514725988,AC,2DNC,PAINTER B,1,36.81956,-95.84867,18,27N,14E,NULL
20347,3514726037,AC,2DNC,GALLERY,8,36.884652,-95.85546,30,28N,14E,WAYSIDE
23363,3514726115,TM,SWD,LW 6B                   MUTT  ,1     ,36.50248,-95.96726,6,23N,13E,NULL
20347,3514726317,AC,2DNC,W F GORDON (KATHLEEN MULLENDOR,#4,36.9551388888889,-95.98425,35,29N,12E,NULL
20347,3514726476,AC,2DNC,LUCAS,6,36.815769,-95.8892,14,27N,13E,NULL
22193,3514726580,AC,2DNC,KELLY,10,36.647188,-95.87118,13,25N,13E,NULL
20137,3514726728,AC,2DNC,MOORE-LITTLE,WSW-1,36.77226,-95.83518,32,27N,14E,NULL
21976,3514726731,AC,2DNC,RICHARDSON RANCH,5,36.637206,-95.92407,21,25N,13E,NULL
22193,3514726745,AC,2DNC,SELLMEYER,T-2,36.440422,-95.83309,29,23N,14E,NULL
21976,3514726832,AC,2DNC,VAUGHN,2,36.605484,-95.9207,33,25N,13E,NULL
22193,3514726892,AC,2DNC,COBB RANCH,16,36.5331666666667,-95.8225555555556,28,24N,14E,NULL
3958,3514726901,PA,2D,COLPIT,1,NULL,NULL,32,23N,14E,NULL
22193,3514726980,AC,2DNC,BRADSHAW,1,36.507044,-95.89989,2,23N,13E,NULL
21976,3514727006,AC,2DNC,FLOYD MILLER,3,36.565049,-95.91675,15,24N,13E,NULL
22193,3514727061,AC,2DNC,CHRISTENSON,60,36.58125,-95.9810833333333,12,24N,12E,NULL
22193,3514727101,AC,2DNC,M. PHILLIPS,60,36.54056,-95.95211,20,24N,13E,NULL
21976,3514727134,AC,2DNC,MCCOMBS,1,36.671654,-95.90776,3,25N,13E,NULL
21976,3514727135,AC,2DNC,EASTIN,1,36.63314,-95.87287,24,25N,13E,NULL
21976,3514727155,AC,2DNC,RUSSEL MARTIN,1,36.9264166666667,-95.8628055555556,7,28N,14E,NULL
21976,3514727173,AC,2DNC,MARGUERITE EASTIN,2,36.612291,-95.89874,26,25N,13E,NULL
21976,3514727177,AC,2DNC,MAYBERRY SWD,1,36.726041,-95.87625,24,26N,13E,NULL
21976,3514727203,AC,2DNC,"FOSTER ""A"" SWD",1,36.619949,-95.97246,25,25N,12E,NULL
22193,3514727212,AC,2DNC,ECC/WHITE,60,36.539222,-95.88474,26,24N,13E,NULL
21505,3514727249,AC,2DNC,FOX,30,36.9629444444444,-95.9845833333333,26,29N,12E,NULL
21976,3514727305,AC,2DNC,CODORNIZ,20-4,36.6388055555556,-95.9418333333333,20,25N,13E,NULL
22193,3514727316,AC,2DNC,P.J. BUCK,2047-6,36.519723,-95.93021,33,24N,13E,NULL
21400,3514727361,AC,2DNC,MONTGOMERY,1A,36.81713,-95.87514,13,27N,13E,NULL
21599,3514727548,AC,2DNC,BROWN DISPOSAL,1,36.8833611111111,-95.9181111111111,28,28N,13E,NULL
22193,3514727557,AC,2DNC,AMOS,60,36.5399166666667,-95.9311666666667,21,24N,13E,NULL
22716,3514727572,AC,2DNC,CROWN H RANCH,60,36.85725,-95.9990833333333,2,27N,12E,NULL
21976,3514727598,AC,2DNC,JOE E. JETER,3-1,36.904588,-95.83294,17,28N,14E,NULL
8662,3514727625,AC,2DNC,SADLER,4,36.798094,-95.89878,26,27N,13E,NULL
22193,3514727668,AC,2DNC,MINNIX,60,36.509312,-95.87239,1,23N,13E,NULL
22193,3514727706,AC,2DNC,TODD COLLINS,60,NULL,NULL,8,23N,13E,NULL
13097,3514727763,AC,2DNC,STEWART,60,NULL,NULL,8,27N,13E,NULL
19904,3514727764,AC,2DNC,DUTCHER RANCH,1-5,NULL,NULL,5,26N,14E,NULL
23363,3514727781,AC,2DNC,BRANNIN,30-C2,NULL,NULL,30,24N,13E,NULL
22193,3514727804,AC,2DNC,MURRAY,60,NULL,NULL,33,23N,13E,NULL
22193,3514727816,AC,2DNC,RALPH WILLIAMS,60,NULL,NULL,24,23N,12E,NULL
22659,3514727919,AC,2DNC,HOUSE,4,NULL,NULL,27,28N,13E,NULL
22619,3514728002,AC,2DNC,DORA VANN,31,NULL,NULL,23,26N,13E,NULL
21505,3514728058,AC,2DNC,MCINTOSH,11-4,0,0,11,25N,12E,ARBUCKLE
21505,3514728090,AC,2DNC,ENDACOTT,07-2,0,0,7,28N,13E,ARBUCKLE
23126,3514728111,AC,2DNC,ROBINSON,EE1,0,0,14,28N,13E,ARBUCKLE
21418,3514728134,AC,2DNC,NELLIE CREEK,13-8,0,0,8,23N,13E,ARBUCKLE
13097,3514770128,AC,2DNC,KEEFER,2,36.730572,-95.8892,14,26N,13E,NULL
9998,3515121581,PA,SWD,SCHWERDTFEGER                 ,     1,NULL,NULL,15,28N,13W,NULL
22940,3515121599,AC,2DCm,CIRCLE SWD,1,36.566163,-98.54775,12,24N,13W,NULL
17441,3515122602,TM,2D,EUREKA,2-13D,36.824375,-99.08214,13,27N,18W,NULL
17441,3515122657,AC,2DNC,HOLLOW LOG,1-35,0,0,35,27N,15W,NULL
23079,3515122680,AC,2DNC,DACOMA,1,36.681406,-98.55775,35,26N,13W,NULL
17441,3515122757,AC,2DNC,OLD FAITHFUL,20,36.8104,-99.04425,20,27N,17W,NULL
17441,3515122776,TM,2D,RIVERSIDE,23,36.798072,-99.11367,23,27N,18W,NULL
17441,3515122809,AC,2DNC,GIANT,1-7,36.83889,-99.0788,7,27N,17W,NULL
17441,3515122817,PA,2D,LAVERN,1-11,NULL,NULL,11,28N,18W,NULL
17441,3515122819,AC,2DNC,WISE,1-11,NULL,NULL,11,28N,18W,NULL
17441,3515122834,PA,2D,SPLENDID,1-3,36.766411,-99.02364,3,26N,17W,NULL
17441,3515122847,TM,2D,LINK,1-15,36.824337,-99.1159,15,27N,18W,NULL
23079,3515122963,AC,2DNC,LONGHURST,1,36.694155,-98.59264,34,26N,13W,NULL
17441,3515122985,AC,2DNC,NORTH ALVA,1-6,36.852935,-98.63428,6,27N,13W,NULL
22281,3515123023,AC,2DNC,PAINT,1-11,36.838859,-99.10015,11,27N,18W,NULL
17441,3515123146,TM,2D,DAISY SWD,1-36,36.868786,-99.08102,36,28N,18W,NULL
22281,3515123194,AC,2DNC,PINTO SWD,1-11,36.831608,-99.10128,11,27N,18W,NULL
17441,3515123217,TM,2D,NIDA SWD,1-13,36.8196111111111,98.6423888888889,13,27N,18W,NULL
22281,3515123245,AC,2DNC,APALOOSA SWD,1-3,36.842917,-99.11928,3,27N,18W,NULL
22281,3515123275,AC,2DNC,KOPPITZ SWD,1-31,36.861999,-98.62977,31,28N,13W,NULL
17441,3515123406,AC,2DNC,CAPRON SWD,1-15,36.90591,-98.57723,15,28N,13W,NULL
16896,3515123411,AC,2DNC,ERIKSON,1 SWD,36.9449444444444,-98.6591944444445,33,29N,16W,ARBUCKLE
22281,3515123417,AC,2DNC,PHILLIPS SWD,1-7,NULL,NULL,NULL,NULL,NULL,ARBUCKLE
17441,3515123472,AC,2DNC,ROGUE SWD,1-27,0,0,27,29N,15W,NULL
22281,3515123493,AC,2DNC,LANDRY SWD,1-5,0,0,5,28N,19W,NULL
22281,3515123500,AC,2DNC,WOODY SWD,1-4,0,0,4,28N,14W,ARBUCKLE
17441,3515123514,AC,2DNC,CAMPBELL 36-27-13 SWD,1,36.7751,-98.5566,36,27N,13W,ARBUCKLE
16896,3515123526,AC,2DNC,ELSIE,1D,0,0,25,26N,13W,ARBUCKLE
17441,3515123528,AC,2DNC,JUSTIN 10-28-14W SWD,1,36.92724,-98.69114,10,28N,14W,NULL
16896,3515123530,AC,2DNC,TURKEY CREEK SWD,1,36.845694,-98.904139,3,27N,16W,NULL
23079,3515123533,AC,2DNC,ZAHORSKY SWD,1-8,0,0,8,25N,13W,NULL
23079,3515123534,AC,2DNC,LOHMANN SWD,1-16,36.73901,-98.60623,16,26N,13W,NULL
16896,3515123536,AC,2DNC,PHILLIPS 15 SWD,1,0,0,15,28N,16W,NULL
22281,3515123544,AC,2DNC,WOODBRIDGE SWD,1-27,36.884,-99.225,27,28N,19W,ARBUCKLE
17441,3515123549,AC,2DNC,SCOUT 12-28-17 SWD,1-X,0,0,12,28N,17W,ARBUCKLE
22281,3515123554,AC,2DNC,MANDI JO SWD,1-5,36.9291,-98.8349,5,28N,15W,NULL
22281,3515123566,AC,2DNC,JESSICA SWD,1-12,0,0,12,27N,14W,NULL
23435,3515123599,AC,2DNC,GREG THURMAN SWD,#1,36.9648122,-98.6188044,29,29N,13W,NULL
23019,3515123612,AC,2DNC,BILLY REX SWD,1,36.979289,-98.73523,20,29N,14W,NULL
17441,3515123613,AC,2DNC,BULLET 25-28-14 SWD,1,36.88369,-98.65027,25,28N,14W,ARBUCKLE
22967,3515123623,AC,2DNC,ERMA SWD,1,0,0,22,29N,13W,ARBUCKLE
17441,3515123639,AC,2DNC,PISTOL 31-28-14 SWD,1,36.8581,-98.7436,31,28N,14W,NULL
22281,3515123654,AC,2DNC,BELLA SWD,1-15,0,0,15,29N,19W,NULL
22281,3515123675,AC,2DNC,JESSICA SWD,2-12,0,0,12,27N,14W,NULL
10399,3515123689,AC,2DNC,MARY ANNE SWD,1-22,0,0,22,26N,13W,NULL
22281,3515123701,AC,2DNC,SARAH ANNE SWD 2916,1-26,0,0,26,29N,16W,NULL
17441,3515123737,AC,2DNC,SPENCER 14-27-17 SWD,1,0,0,14,27N,17W,NULL
23413,3515123739,AC,2DCm,SCRIBNER,1 SWD,36.8403,-98.4721,23,28N,15W,ARBUCKLE
22281,3515123786,AC,2DNC,MABEL SWD 2920,1-34,36.948227,-99.3516,34,29N,20W,ARBUCKLE
17441,3515123796,AC,2DNC,AR-KANSAS 11-28-15 SWD,1,36.92028,-98.79047,11,28N,15W,NULL
23079,3515123808,AC,2DNC,COOK SWD,1H-12,36.7408,-98.7708,12,26N,15W,ARBUCKLE
23079,3515123819,AC,2DNC,MOREHART SWD,1-6,36.7557,-98.63313,6,26N,13W,ARBUCKLE
22281,3515123826,AC,2DNC,HAN SWD 2816,1-27,0,0,27,28N,16W,ARBUCKLE
23019,3515123859,AC,2DNC,BUSH SWD,1-7,36.9139,-98.8618,7,28N,15W,ARBUCKLE
16896,3515124098,AC,2DNC,FREEDOM,26 SWD,36.6991,-98.9884,26,26N,16W,ARBUCKLE
22281,3515124139,AC,2DNC,FRANZ SWD 2816,1-24,36.8898,-98.86707,24,28N,16W,ARBUCKLE
22281,3515124150,AC,2DNC,SEEBE SWD 2713,1-23,36.79808,-98.56157,23,27N,13W,ARBUCKLE
22281,3515124258,AC,2DNC,SEEBE SWD 2713,2-23,36.79856,-98.56153,23,27N,13W,ARBUCKLE
23079,3515124293,AC,2DNC,DENTON SWD,1-28,36.6226,-98.5984,28,25N,13W,ARBUCKLE
22281,3515124298,AC,2DNC,SOLO SWD 2815,1-16,36.9002,-98.8246,16,28N,15W,ARBUCKLE
17441,3515323010,AC,2DNC,MULLINS,1-33,36.422575,-99.01425,33,23N,17W,NULL
,,,,,,,,,,,
,,,,,,,,,,,
,,,,,,,,,,,
,,,,,,,,,,,
,,,,,,,,,,,
,,,,,,,,,,,
,,,,,,,,,,,
,,,,,,,,,,,
,,,,,,,,,,,
,,,,,,,,,,,